2026-08-30 00:25:46 | INFO | sqlalchemy.engine.Engine | [cached since 44.93s ago] (1, 'talisman_ward_t1_5d82200c', 'talisman', 'talisman_ward_t1', 1, 'normal', '{"quality": "common", "effect_id": "first_hit_ward"}')
2026-08-30 00:25:46 | INFO | sqlalchemy.engine.Engine | UPDATE craft_jobs SET quantity=?, status=?, result_json=? WHERE craft_jobs.id = ?
2026-08-30 00:25:46 | INFO | sqlalchemy.engine.Engine | [cached since 24.93s ago] (0, <CraftJobStatus.CLAIMED: 'claimed'>, '{"failed": false, "units": [{"failed": false, "quality": "common", "outputs": [{"item_type": "talisman", "item_id": "talisman_ward_t1", "quantity": 1 ... (91 characters truncated) ... "outputs": [{"item_type": "talisman", "item_id": "talisman_ward_t1", "quantity": 1, "quality": "common", "quality_label_zh": "凡品"}]}], "quantity": 0}', 9)
2026-08-30 00:25:46 | INFO | app.services.craft_service | craft unit(s) resolved character_id=1 job_id=9 done=1 left=0
2026-08-30 00:25:46 | INFO | sqlalchemy.engine.Engine | INSERT INTO inventory_items (character_id, item_uid, item_type, item_id, quantity, bag_kind, meta_json) VALUES (?, ?, ?, ?, ?, ?, ?) RETURNING id, created_at, updated_at
2026-08-30 00:25:46 | INFO | sqlalchemy.engine.Engine | [cached since 44.94s ago] (1, 'puppet_wood_v1_80a6adc0', 'puppet', 'puppet_wood_v1', 1, 'normal', '{"quality": "common"}')
2026-08-30 00:25:46 | INFO | sqlalchemy.engine.Engine | SELECT inventory_items.id, inventory_items.character_id, inventory_items.item_uid, inventory_items.item_type, inventory_items.item_id, inventory_items.quantity, inventory_items.bag_kind, inventory_items.meta_json, inventory_items.created_at, inventory_items.updated_at 
FROM inventory_items 
WHERE inventory_items.character_id = ? AND inventory_items.item_type = ? AND inventory_items.item_id = ?
2026-08-30 00:25:46 | INFO | sqlalchemy.engine.Engine | [generated in 0.00033s] (1, <ItemType.PUPPET: 'puppet'>, 'puppet_wood_v1')
2026-08-30 00:25:46 | INFO | sqlalchemy.engine.Engine | SELECT puppet_actors.id, puppet_actors.character_id, puppet_actors.inventory_item_id, puppet_actors.def_id, puppet_actors.ephemeral, puppet_actors.trial_index, puppet_actors.label_zh, puppet_actors.meta_json, puppet_actors.created_at, puppet_actors.updated_at 
FROM puppet_actors 
WHERE puppet_actors.inventory_item_id = ?
 LIMIT ? OFFSET ?
2026-08-30 00:25:46 | INFO | sqlalchemy.engine.Engine | [generated in 0.00028s] (33, 1, 0)
2026-08-30 00:25:46 | INFO | sqlalchemy.engine.Engine | SELECT puppet_actors.id, puppet_actors.character_id, puppet_actors.inventory_item_id, puppet_actors.def_id, puppet_actors.ephemeral, puppet_actors.trial_index, puppet_actors.label_zh, puppet_actors.meta_json, puppet_actors.created_at, puppet_actors.updated_at 
FROM puppet_actors 
WHERE puppet_actors.inventory_item_id = ?
 LIMIT ? OFFSET ?
2026-08-30 00:25:46 | INFO | sqlalchemy.engine.Engine | [cached since 0.002616s ago] (43, 1, 0)
2026-08-30 00:25:46 | INFO | sqlalchemy.engine.Engine | INSERT INTO puppet_actors (character_id, inventory_item_id, def_id, ephemeral, trial_index, label_zh, meta_json) VALUES (?, ?, ?, ?, ?, ?, ?) RETURNING id, created_at, updated_at
2026-08-30 00:25:46 | INFO | sqlalchemy.engine.Engine | [generated in 0.00031s] (1, 43, 'puppet_wood_v1', 0, None, '木傀·初', None)
2026-08-30 00:25:46 | INFO | app.services.puppet_service | puppet actor created inventory_item_id=43 actor_id=2 def_id=puppet_wood_v1
2026-08-30 00:25:46 | INFO | sqlalchemy.engine.Engine | UPDATE craft_jobs SET quantity=?, started_at=?, finish_at=?, result_json=? WHERE craft_jobs.id = ?
2026-08-30 00:25:46 | INFO | sqlalchemy.engine.Engine | [cached since 44.95s ago] (1, '2026-08-29 16:25:45.858127', '2026-08-29 16:25:50.858127', '{"failed": false, "units": [{"failed": false, "quality": "common", "outputs": [{"item_type": "puppet", "item_id": "puppet_wood_v1", "quantity": 1, "quality": "common", "quality_label_zh": "凡品"}]}], "quantity": 1}', 10)
2026-08-30 00:25:46 | INFO | app.services.craft_service | craft unit(s) resolved character_id=1 job_id=10 done=1 left=1
2026-08-30 00:25:46 | INFO | app.services.craft_service | craft jobs settled character_id=1 ids=[9, 10]
2026-08-30 00:25:46 | INFO | sqlalchemy.engine.Engine | SELECT inventory_items.id, inventory_items.character_id, inventory_items.item_uid, inventory_items.item_type, inventory_items.item_id, inventory_items.quantity, inventory_items.bag_kind, inventory_items.meta_json, inventory_items.created_at, inventory_items.updated_at 
FROM inventory_items 
WHERE inventory_items.character_id = ? AND inventory_items.item_uid = ?
 LIMIT ? OFFSET ?
2026-08-30 00:25:46 | INFO | sqlalchemy.engine.Engine | [generated in 0.00034s] (1, 'iron_sword_t1_6205b304', 1, 0)
2026-08-30 00:25:46 | INFO | sqlalchemy.engine.Engine | SELECT character_equipment_slots.id, character_equipment_slots.character_id, character_equipment_slots.slot, character_equipment_slots.inventory_item_id, character_equipment_slots.created_at, character_equipment_slots.updated_at 
FROM character_equipment_slots 
WHERE character_equipment_slots.character_id = ?
2026-08-30 00:25:46 | INFO | sqlalchemy.engine.Engine | [cached since 63.82s ago] (1,)
2026-08-30 00:25:46 | INFO | sqlalchemy.engine.Engine | SELECT character_equipment_slots.id, character_equipment_slots.character_id, character_equipment_slots.slot, character_equipment_slots.inventory_item_id, character_equipment_slots.created_at, character_equipment_slots.updated_at 
FROM character_equipment_slots 
WHERE character_equipment_slots.character_id = ?
2026-08-30 00:25:46 | INFO | sqlalchemy.engine.Engine | [cached since 63.82s ago] (1,)
2026-08-30 00:25:46 | INFO | sqlalchemy.engine.Engine | SELECT avatars.id, avatars.character_id, avatars.name, avatars.status, avatars.idle_direction, avatars.cultivation_points, avatars.body_tempering_points, avatars.crafting_exp, avatars.base_stats_json, avatars.stamina, avatars.daily_actions_used, avatars.daily_actions_day, avatars.stamina_recovered_at, avatars.assist_friends_enabled, avatars.assist_stamina, avatars.assist_stamina_recovered_at, avatars.assist_stamina_locked, avatars.is_deployed, avatars.major_realm, avatars.realm_stage, avatars.realm_stage_label, avatars.realm_progress, avatars.last_settled_at, avatars.created_at 
FROM avatars 
WHERE avatars.character_id = ?
 LIMIT ? OFFSET ?
2026-08-30 00:25:46 | INFO | sqlalchemy.engine.Engine | [cached since 63.84s ago] (1, 1, 0)
2026-08-30 00:25:46 | INFO | sqlalchemy.engine.Engine | SELECT avatar_equipment_slots.id, avatar_equipment_slots.avatar_id, avatar_equipment_slots.slot, avatar_equipment_slots.inventory_item_id, avatar_equipment_slots.created_at, avatar_equipment_slots.updated_at 
FROM avatar_equipment_slots 
WHERE avatar_equipment_slots.avatar_id = ?
2026-08-30 00:25:46 | INFO | sqlalchemy.engine.Engine | [cached since 63.01s ago] (1,)
2026-08-30 00:25:46 | INFO | sqlalchemy.engine.Engine | SELECT avatars.id, avatars.character_id, avatars.name, avatars.status, avatars.idle_direction, avatars.cultivation_points, avatars.body_tempering_points, avatars.crafting_exp, avatars.base_stats_json, avatars.stamina, avatars.daily_actions_used, avatars.daily_actions_day, avatars.stamina_recovered_at, avatars.assist_friends_enabled, avatars.assist_stamina, avatars.assist_stamina_recovered_at, avatars.assist_stamina_locked, avatars.is_deployed, avatars.major_realm, avatars.realm_stage, avatars.realm_stage_label, avatars.realm_progress, avatars.last_settled_at, avatars.created_at 
FROM avatars 
WHERE avatars.character_id = ?
 LIMIT ? OFFSET ?
2026-08-30 00:25:46 | INFO | sqlalchemy.engine.Engine | [cached since 63.84s ago] (1, 1, 0)
2026-08-30 00:25:46 | INFO | sqlalchemy.engine.Engine | SELECT avatar_equipment_slots.id, avatar_equipment_slots.avatar_id, avatar_equipment_slots.slot, avatar_equipment_slots.inventory_item_id, avatar_equipment_slots.created_at, avatar_equipment_slots.updated_at 
FROM avatar_equipment_slots 
WHERE avatar_equipment_slots.avatar_id = ?
2026-08-30 00:25:46 | INFO | sqlalchemy.engine.Engine | [cached since 63.01s ago] (1,)
2026-08-30 00:25:46 | INFO | sqlalchemy.engine.Engine | SELECT character_equipment_slots.id, character_equipment_slots.character_id, character_equipment_slots.slot, character_equipment_slots.inventory_item_id, character_equipment_slots.created_at, character_equipment_slots.updated_at 
FROM character_equipment_slots 
WHERE character_equipment_slots.character_id = ?
2026-08-30 00:25:46 | INFO | sqlalchemy.engine.Engine | [cached since 63.83s ago] (1,)
2026-08-30 00:25:46 | INFO | sqlalchemy.engine.Engine | SELECT character_equipment_slots.id, character_equipment_slots.character_id, character_equipment_slots.slot, character_equipment_slots.inventory_item_id, character_equipment_slots.created_at, character_equipment_slots.updated_at 
FROM character_equipment_slots 
WHERE character_equipment_slots.character_id = ?
2026-08-30 00:25:46 | INFO | sqlalchemy.engine.Engine | [cached since 63.83s ago] (1,)
2026-08-30 00:25:46 | INFO | sqlalchemy.engine.Engine | UPDATE character_equipment_slots SET inventory_item_id=?, updated_at=CURRENT_TIMESTAMP WHERE character_equipment_slots.id = ?
2026-08-30 00:25:46 | INFO | sqlalchemy.engine.Engine | [generated in 0.00025s] (31, 1)
2026-08-30 00:25:46 | INFO | app.services.equipment_service | equipment equip character_id=1 actor=main slot=weapon_1 item_uid=iron_sword_t1_6205b304
2026-08-30 00:25:46 | INFO | sqlalchemy.engine.Engine | SELECT character_equipment_slots.id, character_equipment_slots.character_id, character_equipment_slots.slot, character_equipment_slots.inventory_item_id, character_equipment_slots.created_at, character_equipment_slots.updated_at 
FROM character_equipment_slots 
WHERE character_equipment_slots.character_id = ?
2026-08-30 00:25:46 | INFO | sqlalchemy.engine.Engine | [cached since 63.83s ago] (1,)
2026-08-30 00:25:46 | INFO | sqlalchemy.engine.Engine | SELECT character_equipment_slots.id, character_equipment_slots.character_id, character_equipment_slots.slot, character_equipment_slots.inventory_item_id, character_equipment_slots.created_at, character_equipment_slots.updated_at 
FROM character_equipment_slots 
WHERE character_equipment_slots.character_id = ?
2026-08-30 00:25:46 | INFO | sqlalchemy.engine.Engine | [cached since 63.84s ago] (1,)
2026-08-30 00:25:46 | INFO | sqlalchemy.engine.Engine | SELECT inventory_items.id, inventory_items.character_id, inventory_items.item_uid, inventory_items.item_type, inventory_items.item_id, inventory_items.quantity, inventory_items.bag_kind, inventory_items.meta_json, inventory_items.created_at, inventory_items.updated_at 
FROM inventory_items 
WHERE inventory_items.id = ? AND inventory_items.character_id = ?
 LIMIT ? OFFSET ?
2026-08-30 00:25:46 | INFO | sqlalchemy.engine.Engine | [generated in 0.00029s] (31, 1, 1, 0)
2026-08-30 00:25:46 | INFO | sqlalchemy.engine.Engine | SELECT inventory_items.id, inventory_items.character_id, inventory_items.item_uid, inventory_items.item_type, inventory_items.item_id, inventory_items.quantity, inventory_items.bag_kind, inventory_items.meta_json, inventory_items.created_at, inventory_items.updated_at 
FROM inventory_items 
WHERE inventory_items.character_id = ? AND inventory_items.item_type = ? ORDER BY inventory_items.item_id, inventory_items.id
2026-08-30 00:25:46 | INFO | sqlalchemy.engine.Engine | [cached since 63.74s ago] (1, <ItemType.PUPPET: 'puppet'>)
2026-08-30 00:25:46 | INFO | sqlalchemy.engine.Engine | SELECT pets.id, pets.character_id, pets.species_id, pets.grade, pets.level, pets.nickname, pets.is_deploy_preferred, pets.affixes_json, pets.value_reroll_counts_json, pets.type_reroll_counts_json, pets.skills_learned_json, pets.skills_equipped_json, pets.racial_talent_id, pets.passives_json, pets.feed_counts_json, pets.created_at 
FROM pets 
WHERE pets.character_id = ? ORDER BY pets.id
2026-08-30 00:25:46 | INFO | sqlalchemy.engine.Engine | [cached since 9.402s ago] (1,)
2026-08-30 00:25:46 | INFO | sqlalchemy.engine.Engine | SELECT inventory_items.id, inventory_items.character_id, inventory_items.item_uid, inventory_items.item_type, inventory_items.item_id, inventory_items.quantity, inventory_items.bag_kind, inventory_items.meta_json, inventory_items.created_at, inventory_items.updated_at 
FROM inventory_items 
WHERE inventory_items.character_id = ? AND inventory_items.item_type = ?
2026-08-30 00:25:46 | INFO | sqlalchemy.engine.Engine | [cached since 9.399s ago] (1, <ItemType.PET: 'pet'>)
2026-08-30 00:25:46 | INFO | sqlalchemy.engine.Engine | SELECT character_talisman_loadouts.character_id, character_talisman_loadouts.slots_json, character_talisman_loadouts.updated_at 
FROM character_talisman_loadouts 
WHERE character_talisman_loadouts.character_id = ?
 LIMIT ? OFFSET ?
2026-08-30 00:25:46 | INFO | sqlalchemy.engine.Engine | [cached since 9.394s ago] (1, 1, 0)
2026-08-30 00:25:46 | INFO | sqlalchemy.engine.Engine | SELECT inventory_items.id, inventory_items.character_id, inventory_items.item_uid, inventory_items.item_type, inventory_items.item_id, inventory_items.quantity, inventory_items.bag_kind, inventory_items.meta_json, inventory_items.created_at, inventory_items.updated_at 
FROM inventory_items 
WHERE inventory_items.character_id = ? AND inventory_items.item_type = ? ORDER BY inventory_items.id
2026-08-30 00:25:46 | INFO | sqlalchemy.engine.Engine | [cached since 9.391s ago] (1, <ItemType.TALISMAN: 'talisman'>)
2026-08-30 00:25:46 | INFO | sqlalchemy.engine.Engine | SELECT character_equipment_slots.id, character_equipment_slots.character_id, character_equipment_slots.slot, character_equipment_slots.inventory_item_id, character_equipment_slots.created_at, character_equipment_slots.updated_at 
FROM character_equipment_slots 
WHERE character_equipment_slots.character_id = ?
2026-08-30 00:25:46 | INFO | sqlalchemy.engine.Engine | [cached since 63.85s ago] (1,)
2026-08-30 00:25:46 | INFO | sqlalchemy.engine.Engine | SELECT character_equipment_slots.id, character_equipment_slots.character_id, character_equipment_slots.slot, character_equipment_slots.inventory_item_id, character_equipment_slots.created_at, character_equipment_slots.updated_at 
FROM character_equipment_slots 
WHERE character_equipment_slots.character_id = ?
2026-08-30 00:25:46 | INFO | sqlalchemy.engine.Engine | [cached since 63.85s ago] (1,)
2026-08-30 00:25:46 | INFO | sqlalchemy.engine.Engine | SELECT avatars.id, avatars.character_id, avatars.name, avatars.status, avatars.idle_direction, avatars.cultivation_points, avatars.body_tempering_points, avatars.crafting_exp, avatars.base_stats_json, avatars.stamina, avatars.daily_actions_used, avatars.daily_actions_day, avatars.stamina_recovered_at, avatars.assist_friends_enabled, avatars.assist_stamina, avatars.assist_stamina_recovered_at, avatars.assist_stamina_locked, avatars.is_deployed, avatars.major_realm, avatars.realm_stage, avatars.realm_stage_label, avatars.realm_progress, avatars.last_settled_at, avatars.created_at 
FROM avatars 
WHERE avatars.character_id = ?
 LIMIT ? OFFSET ?
2026-08-30 00:25:46 | INFO | sqlalchemy.engine.Engine | [cached since 63.87s ago] (1, 1, 0)
2026-08-30 00:25:46 | INFO | sqlalchemy.engine.Engine | SELECT avatar_equipment_slots.id, avatar_equipment_slots.avatar_id, avatar_equipment_slots.slot, avatar_equipment_slots.inventory_item_id, avatar_equipment_slots.created_at, avatar_equipment_slots.updated_at 
FROM avatar_equipment_slots 
WHERE avatar_equipment_slots.avatar_id = ?
2026-08-30 00:25:46 | INFO | sqlalchemy.engine.Engine | [cached since 63.04s ago] (1,)
2026-08-30 00:25:46 | INFO | sqlalchemy.engine.Engine | SELECT avatars.id, avatars.character_id, avatars.name, avatars.status, avatars.idle_direction, avatars.cultivation_points, avatars.body_tempering_points, avatars.crafting_exp, avatars.base_stats_json, avatars.stamina, avatars.daily_actions_used, avatars.daily_actions_day, avatars.stamina_recovered_at, avatars.assist_friends_enabled, avatars.assist_stamina, avatars.assist_stamina_recovered_at, avatars.assist_stamina_locked, avatars.is_deployed, avatars.major_realm, avatars.realm_stage, avatars.realm_stage_label, avatars.realm_progress, avatars.last_settled_at, avatars.created_at 
FROM avatars 
WHERE avatars.character_id = ?
 LIMIT ? OFFSET ?
2026-08-30 00:25:46 | INFO | sqlalchemy.engine.Engine | [cached since 63.88s ago] (1, 1, 0)
2026-08-30 00:25:46 | INFO | sqlalchemy.engine.Engine | SELECT avatar_equipment_slots.id, avatar_equipment_slots.avatar_id, avatar_equipment_slots.slot, avatar_equipment_slots.inventory_item_id, avatar_equipment_slots.created_at, avatar_equipment_slots.updated_at 
FROM avatar_equipment_slots 
WHERE avatar_equipment_slots.avatar_id = ?
2026-08-30 00:25:46 | INFO | sqlalchemy.engine.Engine | [cached since 63.05s ago] (1,)
2026-08-30 00:25:46 | INFO | sqlalchemy.engine.Engine | SELECT inventory_items.id, inventory_items.character_id, inventory_items.item_uid, inventory_items.item_type, inventory_items.item_id, inventory_items.quantity, inventory_items.bag_kind, inventory_items.meta_json, inventory_items.created_at, inventory_items.updated_at 
FROM inventory_items 
WHERE inventory_items.character_id = ? AND inventory_items.item_type IN (?, ?) ORDER BY inventory_items.item_type, inventory_items.item_id
2026-08-30 00:25:46 | INFO | sqlalchemy.engine.Engine | [cached since 9.38s ago] (1, <ItemType.EQUIPMENT: 'equipment'>, <ItemType.PET: 'pet'>)
2026-08-30 00:25:46 | INFO | sqlalchemy.engine.Engine | SELECT avatars.id, avatars.character_id, avatars.name, avatars.status, avatars.idle_direction, avatars.cultivation_points, avatars.body_tempering_points, avatars.crafting_exp, avatars.base_stats_json, avatars.stamina, avatars.daily_actions_used, avatars.daily_actions_day, avatars.stamina_recovered_at, avatars.assist_friends_enabled, avatars.assist_stamina, avatars.assist_stamina_recovered_at, avatars.assist_stamina_locked, avatars.is_deployed, avatars.major_realm, avatars.realm_stage, avatars.realm_stage_label, avatars.realm_progress, avatars.last_settled_at, avatars.created_at 
FROM avatars 
WHERE avatars.character_id = ?
 LIMIT ? OFFSET ?
2026-08-30 00:25:46 | INFO | sqlalchemy.engine.Engine | [cached since 63.88s ago] (1, 1, 0)
2026-08-30 00:25:46 | INFO | sqlalchemy.engine.Engine | SELECT character_reincarnation_bonuses.character_id, character_reincarnation_bonuses.initial_attr_bonus, character_reincarnation_bonuses.minor_growth_bonus, character_reincarnation_bonuses.major_growth_bonus, character_reincarnation_bonuses.break_rate_bonus, character_reincarnation_bonuses.lifetime_applied_growth, character_reincarnation_bonuses.constitution_slots_bought, character_reincarnation_bonuses.spirit_root_slots_bought, character_reincarnation_bonuses.shop_random_offers_json, character_reincarnation_bonuses.shop_seed, character_reincarnation_bonuses.shop_refreshed_at, character_reincarnation_bonuses.updated_at 
FROM character_reincarnation_bonuses 
WHERE character_reincarnation_bonuses.character_id = ?
2026-08-30 00:25:46 | INFO | sqlalchemy.engine.Engine | [cached since 63.88s ago] (1,)
2026-08-30 00:25:46 | INFO | sqlalchemy.engine.Engine | SELECT character_technique_slots.id, character_technique_slots.character_id, character_technique_slots.slot_type, character_technique_slots.slot_index, character_technique_slots.technique_id, character_technique_slots.created_at 
FROM character_technique_slots 
WHERE character_technique_slots.character_id = ?
2026-08-30 00:25:46 | INFO | sqlalchemy.engine.Engine | [cached since 63.85s ago] (1,)
2026-08-30 00:25:46 | INFO | sqlalchemy.engine.Engine | SELECT character_techniques.id 
FROM character_techniques 
WHERE character_techniques.character_id = ? AND character_techniques.technique_id = ?
 LIMIT ? OFFSET ?
2026-08-30 00:25:46 | INFO | sqlalchemy.engine.Engine | [cached since 63.85s ago] (1, 'basic_qi_art', 1, 0)
2026-08-30 00:25:46 | INFO | sqlalchemy.engine.Engine | SELECT character_techniques.id 
FROM character_techniques 
WHERE character_techniques.character_id = ? AND character_techniques.technique_id = ?
 LIMIT ? OFFSET ?
2026-08-30 00:25:46 | INFO | sqlalchemy.engine.Engine | [cached since 63.85s ago] (1, 'iron_body_art', 1, 0)
2026-08-30 00:25:46 | INFO | sqlalchemy.engine.Engine | SELECT character_techniques.id 
FROM character_techniques 
WHERE character_techniques.character_id = ? AND character_techniques.technique_id = ?
 LIMIT ? OFFSET ?
2026-08-30 00:25:46 | INFO | sqlalchemy.engine.Engine | [cached since 63.85s ago] (1, 'beginner_alchemy', 1, 0)
2026-08-30 00:25:46 | INFO | sqlalchemy.engine.Engine | SELECT character_techniques.id 
FROM character_techniques 
WHERE character_techniques.character_id = ? AND character_techniques.technique_id = ?
 LIMIT ? OFFSET ?
2026-08-30 00:25:46 | INFO | sqlalchemy.engine.Engine | [cached since 63.86s ago] (1, 'thunder_breath_art', 1, 0)
2026-08-30 00:25:46 | INFO | app.services.technique_service | default techniques granted character_id=1
2026-08-30 00:25:46 | INFO | sqlalchemy.engine.Engine | SELECT character_techniques.id, character_techniques.character_id, character_techniques.technique_id, character_techniques.level, character_techniques.source, character_techniques.created_at, character_techniques.updated_at 
FROM character_techniques 
WHERE character_techniques.character_id = ?
2026-08-30 00:25:46 | INFO | sqlalchemy.engine.Engine | [cached since 63.85s ago] (1,)
2026-08-30 00:25:46 | INFO | sqlalchemy.engine.Engine | SELECT character_constitution_slots.id, character_constitution_slots.character_id, character_constitution_slots.slot_type, character_constitution_slots.slot_index, character_constitution_slots.item_instance_id, character_constitution_slots.created_at, character_constitution_items.id AS id_1, character_constitution_items.character_id AS character_id_1, character_constitution_items.def_id, character_constitution_items.quality, character_constitution_items.grade, character_constitution_items.kind, character_constitution_items.is_equipped, character_constitution_items.created_at AS created_at_1 
FROM character_constitution_slots LEFT OUTER JOIN character_constitution_items ON character_constitution_slots.item_instance_id = character_constitution_items.id 
WHERE character_constitution_slots.character_id = ?
2026-08-30 00:25:46 | INFO | sqlalchemy.engine.Engine | [cached since 63.85s ago] (1,)
2026-08-30 00:25:46 | INFO | sqlalchemy.engine.Engine | SELECT character_reincarnation_bonuses.character_id, character_reincarnation_bonuses.initial_attr_bonus, character_reincarnation_bonuses.minor_growth_bonus, character_reincarnation_bonuses.major_growth_bonus, character_reincarnation_bonuses.break_rate_bonus, character_reincarnation_bonuses.lifetime_applied_growth, character_reincarnation_bonuses.constitution_slots_bought, character_reincarnation_bonuses.spirit_root_slots_bought, character_reincarnation_bonuses.shop_random_offers_json, character_reincarnation_bonuses.shop_seed, character_reincarnation_bonuses.shop_refreshed_at, character_reincarnation_bonuses.updated_at 
FROM character_reincarnation_bonuses 
WHERE character_reincarnation_bonuses.character_id = ?
2026-08-30 00:25:46 | INFO | sqlalchemy.engine.Engine | [cached since 63.9s ago] (1,)
2026-08-30 00:25:46 | INFO | sqlalchemy.engine.Engine | SELECT character_constitution_slots.id, character_constitution_slots.character_id, character_constitution_slots.slot_type, character_constitution_slots.slot_index, character_constitution_slots.item_instance_id, character_constitution_slots.created_at 
FROM character_constitution_slots 
WHERE character_constitution_slots.character_id = ?
2026-08-30 00:25:46 | INFO | sqlalchemy.engine.Engine | [cached since 63.9s ago] (1,)
2026-08-30 00:25:46 | INFO | sqlalchemy.engine.Engine | SELECT character_constitution_items.id, character_constitution_items.character_id, character_constitution_items.def_id, character_constitution_items.quality, character_constitution_items.grade, character_constitution_items.kind, character_constitution_items.is_equipped, character_constitution_items.created_at 
FROM character_constitution_items 
WHERE character_constitution_items.character_id = ?
2026-08-30 00:25:46 | INFO | sqlalchemy.engine.Engine | [cached since 63.9s ago] (1,)
2026-08-30 00:25:46 | INFO | sqlalchemy.engine.Engine | SELECT character_constitution_slots.id, character_constitution_slots.character_id, character_constitution_slots.slot_type, character_constitution_slots.slot_index, character_constitution_slots.item_instance_id, character_constitution_slots.created_at 
FROM character_constitution_slots 
WHERE character_constitution_slots.character_id = ? ORDER BY character_constitution_slots.slot_type ASC, character_constitution_slots.slot_index ASC
2026-08-30 00:25:46 | INFO | sqlalchemy.engine.Engine | [cached since 63.89s ago] (1,)
2026-08-30 00:25:46 | INFO | sqlalchemy.engine.Engine | SELECT character_equipment_slots.id, character_equipment_slots.character_id, character_equipment_slots.slot, character_equipment_slots.inventory_item_id, character_equipment_slots.created_at, character_equipment_slots.updated_at 
FROM character_equipment_slots 
WHERE character_equipment_slots.character_id = ?
2026-08-30 00:25:46 | INFO | sqlalchemy.engine.Engine | [cached since 63.89s ago] (1,)
2026-08-30 00:25:46 | INFO | sqlalchemy.engine.Engine | SELECT character_equipment_slots.id, character_equipment_slots.character_id, character_equipment_slots.slot, character_equipment_slots.inventory_item_id, character_equipment_slots.created_at, character_equipment_slots.updated_at 
FROM character_equipment_slots 
WHERE character_equipment_slots.character_id = ?
2026-08-30 00:25:46 | INFO | sqlalchemy.engine.Engine | [cached since 63.9s ago] (1,)
2026-08-30 00:25:46 | INFO | sqlalchemy.engine.Engine | SELECT inventory_items.id, inventory_items.character_id, inventory_items.item_uid, inventory_items.item_type, inventory_items.item_id, inventory_items.quantity, inventory_items.bag_kind, inventory_items.meta_json, inventory_items.created_at, inventory_items.updated_at 
FROM inventory_items 
WHERE inventory_items.id = ? AND inventory_items.character_id = ?
 LIMIT ? OFFSET ?
2026-08-30 00:25:46 | INFO | sqlalchemy.engine.Engine | [cached since 0.05844s ago] (31, 1, 1, 0)
2026-08-30 00:25:46 | INFO | sqlalchemy.engine.Engine | COMMIT
2026-08-30 00:25:46 | INFO | sqlalchemy.engine.Engine | BEGIN (implicit)
2026-08-30 00:25:46 | INFO | sqlalchemy.engine.Engine | SELECT users.id AS users_id, users.username AS users_username, users.public_uid AS users_public_uid, users.password_hash AS users_password_hash, users.is_active AS users_is_active, users.is_gm AS users_is_gm, users.email AS users_email, users.phone AS users_phone, users.total_recharge_amount AS users_total_recharge_amount, users.real_name AS users_real_name, users.id_card_hash AS users_id_card_hash, users.id_card_masked AS users_id_card_masked, users.id_verified_level AS users_id_verified_level, users.email_verified AS users_email_verified, users.phone_verified AS users_phone_verified, users.created_at AS users_created_at, users.updated_at AS users_updated_at 
FROM users 
WHERE users.id = ?
2026-08-30 00:25:46 | INFO | sqlalchemy.engine.Engine | [cached since 63.95s ago] (2,)
2026-08-30 00:25:46 | INFO | sqlalchemy.engine.Engine | SELECT characters.id, characters.user_id, characters.name, characters.is_active, characters.major_realm, characters.realm_stage, characters.realm_stage_label, characters.cultivation_points, characters.body_tempering_points, characters.body_temper_stage, characters.body_temper_layer, characters.body_temper_layer_label, characters.body_temper_progress, characters.crafting_exp, characters.spirit_stones, characters.realm_progress, characters.breakthrough_grade, characters.divine_ability_slots, characters.membership_tier, characters.membership_expires_at, characters.tiandao_points, characters.pending_offline_json, characters.pending_event_logs_json, characters.offline_capped_at, characters.idle_direction, characters.status, characters.stamina, characters.stamina_updated_at, characters.trial_puppet_count, characters.divine_sense_capacity_bonus, characters.array_craft_level, characters.divine_sense_backlash, characters.reincarnation_points, characters.peak_major_realm, characters.growth_attrs_json, characters.story_flags_json, characters.ferry_deadline_at, characters.reincarnation_count, characters.legacy_items_json, characters.fate_luck, characters.demonic_nature, characters.spirit_root_tags_json, characters.last_self_rescue_at, characters.sect_id, characters.gender, characters.friend_profile_visible, characters.friend_profile_snapshot_json, characters.friend_profile_snapshot_at, characters.last_settled_at, characters.created_at, characters.updated_at 
FROM characters 
WHERE characters.user_id = ?
 LIMIT ? OFFSET ?
2026-08-30 00:25:46 | INFO | sqlalchemy.engine.Engine | [cached since 63.95s ago] (2, 1, 0)
2026-08-30 00:25:46 | INFO | sqlalchemy.engine.Engine | SELECT avatars.id, avatars.character_id, avatars.name, avatars.status, avatars.idle_direction, avatars.cultivation_points, avatars.body_tempering_points, avatars.crafting_exp, avatars.base_stats_json, avatars.stamina, avatars.daily_actions_used, avatars.daily_actions_day, avatars.stamina_recovered_at, avatars.assist_friends_enabled, avatars.assist_stamina, avatars.assist_stamina_recovered_at, avatars.assist_stamina_locked, avatars.is_deployed, avatars.major_realm, avatars.realm_stage, avatars.realm_stage_label, avatars.realm_progress, avatars.last_settled_at, avatars.created_at 
FROM avatars 
WHERE avatars.character_id = ?
 LIMIT ? OFFSET ?
2026-08-30 00:25:46 | INFO | sqlalchemy.engine.Engine | [cached since 63.94s ago] (1, 1, 0)
2026-08-30 00:25:46 | INFO | sqlalchemy.engine.Engine | SELECT character_techniques.technique_id 
FROM character_techniques 
WHERE character_techniques.character_id = ?
2026-08-30 00:25:46 | INFO | sqlalchemy.engine.Engine | [cached since 63.94s ago] (1,)
2026-08-30 00:25:46 | INFO | sqlalchemy.engine.Engine | SELECT character_reincarnation_bonuses.character_id, character_reincarnation_bonuses.initial_attr_bonus, character_reincarnation_bonuses.minor_growth_bonus, character_reincarnation_bonuses.major_growth_bonus, character_reincarnation_bonuses.break_rate_bonus, character_reincarnation_bonuses.lifetime_applied_growth, character_reincarnation_bonuses.constitution_slots_bought, character_reincarnation_bonuses.spirit_root_slots_bought, character_reincarnation_bonuses.shop_random_offers_json, character_reincarnation_bonuses.shop_seed, character_reincarnation_bonuses.shop_refreshed_at, character_reincarnation_bonuses.updated_at 
FROM character_reincarnation_bonuses 
WHERE character_reincarnation_bonuses.character_id = ?
2026-08-30 00:25:46 | INFO | sqlalchemy.engine.Engine | [cached since 63.94s ago] (1,)
2026-08-30 00:25:46 | INFO | sqlalchemy.engine.Engine | SELECT character_constitution_slots.id, character_constitution_slots.character_id, character_constitution_slots.slot_type, character_constitution_slots.slot_index, character_constitution_slots.item_instance_id, character_constitution_slots.created_at 
FROM character_constitution_slots 
WHERE character_constitution_slots.character_id = ?
2026-08-30 00:25:46 | INFO | sqlalchemy.engine.Engine | [cached since 63.94s ago] (1,)
2026-08-30 00:25:46 | INFO | sqlalchemy.engine.Engine | SELECT character_constitution_items.id, character_constitution_items.character_id, character_constitution_items.def_id, character_constitution_items.quality, character_constitution_items.grade, character_constitution_items.kind, character_constitution_items.is_equipped, character_constitution_items.created_at 
FROM character_constitution_items 
WHERE character_constitution_items.character_id = ?
2026-08-30 00:25:46 | INFO | sqlalchemy.engine.Engine | [cached since 63.94s ago] (1,)
2026-08-30 00:25:46 | INFO | sqlalchemy.engine.Engine | SELECT character_constitution_slots.id, character_constitution_slots.character_id, character_constitution_slots.slot_type, character_constitution_slots.slot_index, character_constitution_slots.item_instance_id, character_constitution_slots.created_at 
FROM character_constitution_slots 
WHERE character_constitution_slots.character_id = ? ORDER BY character_constitution_slots.slot_type ASC, character_constitution_slots.slot_index ASC
2026-08-30 00:25:46 | INFO | sqlalchemy.engine.Engine | [cached since 63.94s ago] (1,)
2026-08-30 00:25:46 | INFO | sqlalchemy.engine.Engine | SELECT character_equipment_slots.id, character_equipment_slots.character_id, character_equipment_slots.slot, character_equipment_slots.inventory_item_id, character_equipment_slots.created_at, character_equipment_slots.updated_at 
FROM character_equipment_slots 
WHERE character_equipment_slots.character_id = ?
2026-08-30 00:25:46 | INFO | sqlalchemy.engine.Engine | [cached since 63.94s ago] (1,)
2026-08-30 00:25:46 | INFO | sqlalchemy.engine.Engine | SELECT character_equipment_slots.id, character_equipment_slots.character_id, character_equipment_slots.slot, character_equipment_slots.inventory_item_id, character_equipment_slots.created_at, character_equipment_slots.updated_at 
FROM character_equipment_slots 
WHERE character_equipment_slots.character_id = ?
2026-08-30 00:25:46 | INFO | sqlalchemy.engine.Engine | [cached since 63.94s ago] (1,)
2026-08-30 00:25:46 | INFO | sqlalchemy.engine.Engine | SELECT inventory_items.id, inventory_items.character_id, inventory_items.item_uid, inventory_items.item_type, inventory_items.item_id, inventory_items.quantity, inventory_items.bag_kind, inventory_items.meta_json, inventory_items.created_at, inventory_items.updated_at 
FROM inventory_items 
WHERE inventory_items.id = ? AND inventory_items.character_id = ?
 LIMIT ? OFFSET ?
2026-08-30 00:25:46 | INFO | sqlalchemy.engine.Engine | [cached since 0.1057s ago] (31, 1, 1, 0)
2026-08-30 00:25:46 | INFO | sqlalchemy.engine.Engine | SELECT characters.id, characters.user_id, characters.name, characters.is_active, characters.major_realm, characters.realm_stage, characters.realm_stage_label, characters.cultivation_points, characters.body_tempering_points, characters.body_temper_stage, characters.body_temper_layer, characters.body_temper_layer_label, characters.body_temper_progress, characters.crafting_exp, characters.spirit_stones, characters.realm_progress, characters.breakthrough_grade, characters.divine_ability_slots, characters.membership_tier, characters.membership_expires_at, characters.tiandao_points, characters.pending_offline_json, characters.pending_event_logs_json, characters.offline_capped_at, characters.idle_direction, characters.status, characters.stamina, characters.stamina_updated_at, characters.trial_puppet_count, characters.divine_sense_capacity_bonus, characters.array_craft_level, characters.divine_sense_backlash, characters.reincarnation_points, characters.peak_major_realm, characters.growth_attrs_json, characters.story_flags_json, characters.ferry_deadline_at, characters.reincarnation_count, characters.legacy_items_json, characters.fate_luck, characters.demonic_nature, characters.spirit_root_tags_json, characters.last_self_rescue_at, characters.sect_id, characters.gender, characters.friend_profile_visible, characters.friend_profile_snapshot_json, characters.friend_profile_snapshot_at, characters.last_settled_at, characters.created_at, characters.updated_at 
FROM characters 
WHERE characters.id = ?
2026-08-30 00:25:46 | INFO | sqlalchemy.engine.Engine | [cached since 63.93s ago] (1,)
2026-08-30 00:25:46 | INFO | sqlalchemy.engine.Engine | SELECT character_reincarnation_bonuses.character_id, character_reincarnation_bonuses.initial_attr_bonus, character_reincarnation_bonuses.minor_growth_bonus, character_reincarnation_bonuses.major_growth_bonus, character_reincarnation_bonuses.break_rate_bonus, character_reincarnation_bonuses.lifetime_applied_growth, character_reincarnation_bonuses.constitution_slots_bought, character_reincarnation_bonuses.spirit_root_slots_bought, character_reincarnation_bonuses.shop_random_offers_json, character_reincarnation_bonuses.shop_seed, character_reincarnation_bonuses.shop_refreshed_at, character_reincarnation_bonuses.updated_at 
FROM character_reincarnation_bonuses 
WHERE character_reincarnation_bonuses.character_id = ?
2026-08-30 00:25:46 | INFO | sqlalchemy.engine.Engine | [cached since 63.96s ago] (1,)
2026-08-30 00:25:46 | INFO | sqlalchemy.engine.Engine | SELECT character_technique_slots.id, character_technique_slots.character_id, character_technique_slots.slot_type, character_technique_slots.slot_index, character_technique_slots.technique_id, character_technique_slots.created_at 
FROM character_technique_slots 
WHERE character_technique_slots.character_id = ?
2026-08-30 00:25:46 | INFO | sqlalchemy.engine.Engine | [cached since 63.93s ago] (1,)
2026-08-30 00:25:46 | INFO | sqlalchemy.engine.Engine | SELECT character_techniques.id 
FROM character_techniques 
WHERE character_techniques.character_id = ? AND character_techniques.technique_id = ?
 LIMIT ? OFFSET ?
2026-08-30 00:25:46 | INFO | sqlalchemy.engine.Engine | [cached since 63.93s ago] (1, 'basic_qi_art', 1, 0)
2026-08-30 00:25:46 | INFO | sqlalchemy.engine.Engine | SELECT character_techniques.id 
FROM character_techniques 
WHERE character_techniques.character_id = ? AND character_techniques.technique_id = ?
 LIMIT ? OFFSET ?
2026-08-30 00:25:46 | INFO | sqlalchemy.engine.Engine | [cached since 63.93s ago] (1, 'iron_body_art', 1, 0)
2026-08-30 00:25:46 | INFO | sqlalchemy.engine.Engine | SELECT character_techniques.id 
FROM character_techniques 
WHERE character_techniques.character_id = ? AND character_techniques.technique_id = ?
 LIMIT ? OFFSET ?
2026-08-30 00:25:46 | INFO | sqlalchemy.engine.Engine | [cached since 63.94s ago] (1, 'beginner_alchemy', 1, 0)
2026-08-30 00:25:46 | INFO | sqlalchemy.engine.Engine | SELECT character_techniques.id 
FROM character_techniques 
WHERE character_techniques.character_id = ? AND character_techniques.technique_id = ?
 LIMIT ? OFFSET ?
2026-08-30 00:25:46 | INFO | sqlalchemy.engine.Engine | [cached since 63.94s ago] (1, 'thunder_breath_art', 1, 0)
2026-08-30 00:25:46 | INFO | app.services.technique_service | default techniques granted character_id=1
2026-08-30 00:25:46 | INFO | sqlalchemy.engine.Engine | SELECT character_techniques.id, character_techniques.character_id, character_techniques.technique_id, character_techniques.level, character_techniques.source, character_techniques.created_at, character_techniques.updated_at 
FROM character_techniques 
WHERE character_techniques.character_id = ?
2026-08-30 00:25:46 | INFO | sqlalchemy.engine.Engine | [cached since 63.93s ago] (1,)
2026-08-30 00:25:46 | INFO | sqlalchemy.engine.Engine | SELECT character_constitution_slots.id, character_constitution_slots.character_id, character_constitution_slots.slot_type, character_constitution_slots.slot_index, character_constitution_slots.item_instance_id, character_constitution_slots.created_at, character_constitution_items.id AS id_1, character_constitution_items.character_id AS character_id_1, character_constitution_items.def_id, character_constitution_items.quality, character_constitution_items.grade, character_constitution_items.kind, character_constitution_items.is_equipped, character_constitution_items.created_at AS created_at_1 
FROM character_constitution_slots LEFT OUTER JOIN character_constitution_items ON character_constitution_slots.item_instance_id = character_constitution_items.id 
WHERE character_constitution_slots.character_id = ?
2026-08-30 00:25:46 | INFO | sqlalchemy.engine.Engine | [cached since 63.93s ago] (1,)
2026-08-30 00:25:46 | INFO | sqlalchemy.engine.Engine | SELECT character_reincarnation_bonuses.character_id, character_reincarnation_bonuses.initial_attr_bonus, character_reincarnation_bonuses.minor_growth_bonus, character_reincarnation_bonuses.major_growth_bonus, character_reincarnation_bonuses.break_rate_bonus, character_reincarnation_bonuses.lifetime_applied_growth, character_reincarnation_bonuses.constitution_slots_bought, character_reincarnation_bonuses.spirit_root_slots_bought, character_reincarnation_bonuses.shop_random_offers_json, character_reincarnation_bonuses.shop_seed, character_reincarnation_bonuses.shop_refreshed_at, character_reincarnation_bonuses.updated_at 
FROM character_reincarnation_bonuses 
WHERE character_reincarnation_bonuses.character_id = ?
2026-08-30 00:25:46 | INFO | sqlalchemy.engine.Engine | [cached since 63.98s ago] (1,)
2026-08-30 00:25:46 | INFO | sqlalchemy.engine.Engine | SELECT character_constitution_slots.id, character_constitution_slots.character_id, character_constitution_slots.slot_type, character_constitution_slots.slot_index, character_constitution_slots.item_instance_id, character_constitution_slots.created_at 
FROM character_constitution_slots 
WHERE character_constitution_slots.character_id = ?
2026-08-30 00:25:46 | INFO | sqlalchemy.engine.Engine | [cached since 63.98s ago] (1,)
2026-08-30 00:25:46 | INFO | sqlalchemy.engine.Engine | SELECT character_constitution_items.id, character_constitution_items.character_id, character_constitution_items.def_id, character_constitution_items.quality, character_constitution_items.grade, character_constitution_items.kind, character_constitution_items.is_equipped, character_constitution_items.created_at 
FROM character_constitution_items 
WHERE character_constitution_items.character_id = ?
2026-08-30 00:25:46 | INFO | sqlalchemy.engine.Engine | [cached since 63.98s ago] (1,)
2026-08-30 00:25:46 | INFO | sqlalchemy.engine.Engine | SELECT character_constitution_slots.id, character_constitution_slots.character_id, character_constitution_slots.slot_type, character_constitution_slots.slot_index, character_constitution_slots.item_instance_id, character_constitution_slots.created_at 
FROM character_constitution_slots 
WHERE character_constitution_slots.character_id = ? ORDER BY character_constitution_slots.slot_type ASC, character_constitution_slots.slot_index ASC
2026-08-30 00:25:46 | INFO | sqlalchemy.engine.Engine | [cached since 63.98s ago] (1,)
2026-08-30 00:25:46 | INFO | sqlalchemy.engine.Engine | SELECT character_equipment_slots.id, character_equipment_slots.character_id, character_equipment_slots.slot, character_equipment_slots.inventory_item_id, character_equipment_slots.created_at, character_equipment_slots.updated_at 
FROM character_equipment_slots 
WHERE character_equipment_slots.character_id = ?
2026-08-30 00:25:46 | INFO | sqlalchemy.engine.Engine | [cached since 63.98s ago] (1,)
2026-08-30 00:25:46 | INFO | sqlalchemy.engine.Engine | SELECT character_equipment_slots.id, character_equipment_slots.character_id, character_equipment_slots.slot, character_equipment_slots.inventory_item_id, character_equipment_slots.created_at, character_equipment_slots.updated_at 
FROM character_equipment_slots 
WHERE character_equipment_slots.character_id = ?
2026-08-30 00:25:46 | INFO | sqlalchemy.engine.Engine | [cached since 63.98s ago] (1,)
2026-08-30 00:25:46 | INFO | sqlalchemy.engine.Engine | SELECT inventory_items.id, inventory_items.character_id, inventory_items.item_uid, inventory_items.item_type, inventory_items.item_id, inventory_items.quantity, inventory_items.bag_kind, inventory_items.meta_json, inventory_items.created_at, inventory_items.updated_at 
FROM inventory_items 
WHERE inventory_items.id = ? AND inventory_items.character_id = ?
 LIMIT ? OFFSET ?
2026-08-30 00:25:46 | INFO | sqlalchemy.engine.Engine | [cached since 0.1485s ago] (31, 1, 1, 0)
2026-08-30 00:25:46 | INFO | sqlalchemy.engine.Engine | SELECT character_reincarnation_bonuses.character_id, character_reincarnation_bonuses.initial_attr_bonus, character_reincarnation_bonuses.minor_growth_bonus, character_reincarnation_bonuses.major_growth_bonus, character_reincarnation_bonuses.break_rate_bonus, character_reincarnation_bonuses.lifetime_applied_growth, character_reincarnation_bonuses.constitution_slots_bought, character_reincarnation_bonuses.spirit_root_slots_bought, character_reincarnation_bonuses.shop_random_offers_json, character_reincarnation_bonuses.shop_seed, character_reincarnation_bonuses.shop_refreshed_at, character_reincarnation_bonuses.updated_at 
FROM character_reincarnation_bonuses 
WHERE character_reincarnation_bonuses.character_id = ?
2026-08-30 00:25:46 | INFO | sqlalchemy.engine.Engine | [cached since 64s ago] (1,)
2026-08-30 00:25:46 | INFO | sqlalchemy.engine.Engine | SELECT avatars.id, avatars.character_id, avatars.name, avatars.status, avatars.idle_direction, avatars.cultivation_points, avatars.body_tempering_points, avatars.crafting_exp, avatars.base_stats_json, avatars.stamina, avatars.daily_actions_used, avatars.daily_actions_day, avatars.stamina_recovered_at, avatars.assist_friends_enabled, avatars.assist_stamina, avatars.assist_stamina_recovered_at, avatars.assist_stamina_locked, avatars.is_deployed, avatars.major_realm, avatars.realm_stage, avatars.realm_stage_label, avatars.realm_progress, avatars.last_settled_at, avatars.created_at 
FROM avatars 
WHERE avatars.character_id = ?
 LIMIT ? OFFSET ?
2026-08-30 00:25:46 | INFO | sqlalchemy.engine.Engine | [cached since 64.01s ago] (1, 1, 0)
2026-08-30 00:25:46 | INFO | sqlalchemy.engine.Engine | SELECT avatar_dao.id, avatar_dao.avatar_id, avatar_dao.fate_dao_id, avatar_dao.locked, avatar_dao.dao_qi, avatar_dao.dao_exp, avatar_dao.dao_level, avatar_dao.opening_session_json, avatar_dao.challenge_cooldown_until, avatar_dao.updated_at, avatar_dao.created_at 
FROM avatar_dao 
WHERE avatar_dao.avatar_id = ?
2026-08-30 00:25:46 | INFO | sqlalchemy.engine.Engine | [cached since 63.94s ago] (1,)
2026-08-30 00:25:46 | INFO | sqlalchemy.engine.Engine | SELECT avatar_dao_pool_entries.dao_id 
FROM avatar_dao_pool_entries 
WHERE avatar_dao_pool_entries.avatar_id = ?
2026-08-30 00:25:46 | INFO | sqlalchemy.engine.Engine | [cached since 63.94s ago] (1,)
2026-08-30 00:25:46 | INFO | sqlalchemy.engine.Engine | SELECT character_techniques.technique_id 
FROM character_techniques 
WHERE character_techniques.character_id = ?
2026-08-30 00:25:46 | INFO | sqlalchemy.engine.Engine | [cached since 64.01s ago] (1,)
2026-08-30 00:25:46 | INFO | sqlalchemy.engine.Engine | SELECT character_reincarnation_bonuses.character_id, character_reincarnation_bonuses.initial_attr_bonus, character_reincarnation_bonuses.minor_growth_bonus, character_reincarnation_bonuses.major_growth_bonus, character_reincarnation_bonuses.break_rate_bonus, character_reincarnation_bonuses.lifetime_applied_growth, character_reincarnation_bonuses.constitution_slots_bought, character_reincarnation_bonuses.spirit_root_slots_bought, character_reincarnation_bonuses.shop_random_offers_json, character_reincarnation_bonuses.shop_seed, character_reincarnation_bonuses.shop_refreshed_at, character_reincarnation_bonuses.updated_at 
FROM character_reincarnation_bonuses 
WHERE character_reincarnation_bonuses.character_id = ?
2026-08-30 00:25:46 | INFO | sqlalchemy.engine.Engine | [cached since 64.01s ago] (1,)
2026-08-30 00:25:46 | INFO | sqlalchemy.engine.Engine | SELECT character_constitution_slots.id, character_constitution_slots.character_id, character_constitution_slots.slot_type, character_constitution_slots.slot_index, character_constitution_slots.item_instance_id, character_constitution_slots.created_at 
FROM character_constitution_slots 
WHERE character_constitution_slots.character_id = ?
2026-08-30 00:25:46 | INFO | sqlalchemy.engine.Engine | [cached since 64.01s ago] (1,)
2026-08-30 00:25:46 | INFO | sqlalchemy.engine.Engine | SELECT character_constitution_items.id, character_constitution_items.character_id, character_constitution_items.def_id, character_constitution_items.quality, character_constitution_items.grade, character_constitution_items.kind, character_constitution_items.is_equipped, character_constitution_items.created_at 
FROM character_constitution_items 
WHERE character_constitution_items.character_id = ?
2026-08-30 00:25:46 | INFO | sqlalchemy.engine.Engine | [cached since 64.01s ago] (1,)
2026-08-30 00:25:46 | INFO | sqlalchemy.engine.Engine | SELECT character_constitution_slots.id, character_constitution_slots.character_id, character_constitution_slots.slot_type, character_constitution_slots.slot_index, character_constitution_slots.item_instance_id, character_constitution_slots.created_at 
FROM character_constitution_slots 
WHERE character_constitution_slots.character_id = ? ORDER BY character_constitution_slots.slot_type ASC, character_constitution_slots.slot_index ASC
2026-08-30 00:25:46 | INFO | sqlalchemy.engine.Engine | [cached since 64.01s ago] (1,)
2026-08-30 00:25:46 | INFO | sqlalchemy.engine.Engine | SELECT character_equipment_slots.id, character_equipment_slots.character_id, character_equipment_slots.slot, character_equipment_slots.inventory_item_id, character_equipment_slots.created_at, character_equipment_slots.updated_at 
FROM character_equipment_slots 
WHERE character_equipment_slots.character_id = ?
2026-08-30 00:25:46 | INFO | sqlalchemy.engine.Engine | [cached since 64.01s ago] (1,)
2026-08-30 00:25:46 | INFO | sqlalchemy.engine.Engine | SELECT character_equipment_slots.id, character_equipment_slots.character_id, character_equipment_slots.slot, character_equipment_slots.inventory_item_id, character_equipment_slots.created_at, character_equipment_slots.updated_at 
FROM character_equipment_slots 
WHERE character_equipment_slots.character_id = ?
2026-08-30 00:25:46 | INFO | sqlalchemy.engine.Engine | [cached since 64.01s ago] (1,)
2026-08-30 00:25:46 | INFO | sqlalchemy.engine.Engine | SELECT inventory_items.id, inventory_items.character_id, inventory_items.item_uid, inventory_items.item_type, inventory_items.item_id, inventory_items.quantity, inventory_items.bag_kind, inventory_items.meta_json, inventory_items.created_at, inventory_items.updated_at 
FROM inventory_items 
WHERE inventory_items.id = ? AND inventory_items.character_id = ?
 LIMIT ? OFFSET ?
2026-08-30 00:25:46 | INFO | sqlalchemy.engine.Engine | [cached since 0.1742s ago] (31, 1, 1, 0)
2026-08-30 00:25:46 | INFO | sqlalchemy.engine.Engine | SELECT character_dao.id, character_dao.character_id, character_dao.fate_dao_id, character_dao.locked, character_dao.dao_qi, character_dao.dao_exp, character_dao.dao_level, character_dao.opening_session_json, character_dao.challenge_cooldown_until, character_dao.updated_at, character_dao.created_at 
FROM character_dao 
WHERE character_dao.character_id = ?
2026-08-30 00:25:46 | INFO | sqlalchemy.engine.Engine | [cached since 63.94s ago] (1,)
2026-08-30 00:25:46 | INFO | sqlalchemy.engine.Engine | SELECT dao_pool_entries.dao_id 
FROM dao_pool_entries 
WHERE dao_pool_entries.character_id = ?
2026-08-30 00:25:46 | INFO | sqlalchemy.engine.Engine | [cached since 63.94s ago] (1,)
2026-08-30 00:25:46 | INFO | sqlalchemy.engine.Engine | SELECT dao_lordships.id, dao_lordships.dao_id, dao_lordships.character_id, dao_lordships.snapshot_id, dao_lordships.privileges_json, dao_lordships.claimed_at, dao_lordships.updated_at 
FROM dao_lordships 
WHERE dao_lordships.character_id = ?
 LIMIT ? OFFSET ?
2026-08-30 00:25:46 | INFO | sqlalchemy.engine.Engine | [cached since 63.94s ago] (1, 1, 0)
2026-08-30 00:25:46 | INFO | sqlalchemy.engine.Engine | SELECT sects.id AS sects_id, sects.kind AS sects_kind, sects.template_id AS sects_template_id, sects.name AS sects_name, sects.motto AS sects_motto, sects.grade AS sects_grade, sects.specialty AS sects_specialty, sects.announcement AS sects_announcement, sects.spirit_stone_pool AS sects_spirit_stone_pool, sects.buffs_json AS sects_buffs_json, sects.founder_character_id AS sects_founder_character_id, sects.leader_character_id AS sects_leader_character_id, sects.created_at AS sects_created_at, sects.updated_at AS sects_updated_at 
FROM sects 
WHERE sects.id = ?
2026-08-30 00:25:46 | INFO | sqlalchemy.engine.Engine | [cached since 63.94s ago] (1,)
2026-08-30 00:25:46 | INFO | sqlalchemy.engine.Engine | SELECT sect_members.id, sect_members.sect_id, sect_members.character_id, sect_members.role, sect_members.rank, sect_members.contribution, sect_members.last_appoint_game_day, sect_members.salary_claimed_game_day, sect_members.joined_at 
FROM sect_members 
WHERE sect_members.character_id = ?
2026-08-30 00:25:46 | INFO | sqlalchemy.engine.Engine | [cached since 63.94s ago] (1,)
2026-08-30 00:25:46 | INFO | sqlalchemy.engine.Engine | SELECT friendships.id, friendships.character_low_id, friendships.character_high_id, friendships.requester_id, friendships.status, friendships.created_at, friendships.updated_at, friendships.accepted_at 
FROM friendships 
WHERE friendships.status = ? AND (friendships.character_low_id = ? OR friendships.character_high_id = ?)
2026-08-30 00:25:46 | INFO | sqlalchemy.engine.Engine | [cached since 63.94s ago] ('active', 1, 1)
2026-08-30 00:25:46 | INFO | sqlalchemy.engine.Engine | SELECT mail_messages.id, mail_messages.mail_kind, mail_messages.to_character_id, mail_messages.from_character_id, mail_messages.reason, mail_messages.subject_zh, mail_messages.body_zh, mail_messages.attachments_json, mail_messages.read_at, mail_messages.claimed_at, mail_messages.expires_at, mail_messages.created_at 
FROM mail_messages 
WHERE mail_messages.to_character_id = ? AND mail_messages.claimed_at IS NULL AND mail_messages.expires_at IS NOT NULL
2026-08-30 00:25:46 | INFO | sqlalchemy.engine.Engine | [cached since 63.94s ago] (1,)
2026-08-30 00:25:46 | INFO | sqlalchemy.engine.Engine | SELECT mail_messages.id, mail_messages.mail_kind, mail_messages.to_character_id, mail_messages.from_character_id, mail_messages.reason, mail_messages.subject_zh, mail_messages.body_zh, mail_messages.attachments_json, mail_messages.read_at, mail_messages.claimed_at, mail_messages.expires_at, mail_messages.created_at 
FROM mail_messages 
WHERE mail_messages.to_character_id = ? AND mail_messages.read_at IS NULL
2026-08-30 00:25:46 | INFO | sqlalchemy.engine.Engine | [cached since 63.94s ago] (1,)
2026-08-30 00:25:46 | INFO | sqlalchemy.engine.Engine | SELECT coalesce(sum(chat_unreads.unread_count), ?) AS coalesce_1 
FROM chat_unreads 
WHERE chat_unreads.character_id = ?
2026-08-30 00:25:46 | INFO | sqlalchemy.engine.Engine | [cached since 63.94s ago] (0, 1)
2026-08-30 00:25:46 | INFO | sqlalchemy.engine.Engine | SELECT inventory_items.id, inventory_items.character_id, inventory_items.item_uid, inventory_items.item_type, inventory_items.item_id, inventory_items.quantity, inventory_items.bag_kind, inventory_items.meta_json, inventory_items.created_at, inventory_items.updated_at 
FROM inventory_items 
WHERE inventory_items.character_id = ? AND inventory_items.item_type = ? ORDER BY inventory_items.item_id, inventory_items.id
2026-08-30 00:25:46 | INFO | sqlalchemy.engine.Engine | [cached since 63.94s ago] (1, <ItemType.PUPPET: 'puppet'>)
2026-08-30 00:25:46 | INFO | sqlalchemy.engine.Engine | SELECT avatars.id, avatars.character_id, avatars.name, avatars.status, avatars.idle_direction, avatars.cultivation_points, avatars.body_tempering_points, avatars.crafting_exp, avatars.base_stats_json, avatars.stamina, avatars.daily_actions_used, avatars.daily_actions_day, avatars.stamina_recovered_at, avatars.assist_friends_enabled, avatars.assist_stamina, avatars.assist_stamina_recovered_at, avatars.assist_stamina_locked, avatars.is_deployed, avatars.major_realm, avatars.realm_stage, avatars.realm_stage_label, avatars.realm_progress, avatars.last_settled_at, avatars.created_at 
FROM avatars 
WHERE avatars.character_id = ?
 LIMIT ? OFFSET ?
2026-08-30 00:25:46 | INFO | sqlalchemy.engine.Engine | [cached since 64.05s ago] (1, 1, 0)
2026-08-30 00:25:46 | INFO | sqlalchemy.engine.Engine | SELECT character_equipment_slots.id, character_equipment_slots.character_id, character_equipment_slots.slot, character_equipment_slots.inventory_item_id, character_equipment_slots.created_at, character_equipment_slots.updated_at 
FROM character_equipment_slots 
WHERE character_equipment_slots.character_id = ? AND character_equipment_slots.slot = ?
2026-08-30 00:25:46 | INFO | sqlalchemy.engine.Engine | [cached since 63.94s ago] (1, 'pet')
2026-08-30 00:25:46 | INFO | sqlalchemy.engine.Engine | SELECT craft_jobs.id, craft_jobs.character_id, craft_jobs.actor, craft_jobs.recipe_id, craft_jobs.quantity, craft_jobs.started_at, craft_jobs.finish_at, craft_jobs.status, craft_jobs.result_json, craft_jobs.cost_snapshot_json, craft_jobs.env_lock_json, craft_jobs.created_at 
FROM craft_jobs 
WHERE craft_jobs.character_id = ?
2026-08-30 00:25:46 | INFO | sqlalchemy.engine.Engine | [cached since 63.94s ago] (1,)
2026-08-30 00:25:46 | INFO | sqlalchemy.engine.Engine | SELECT inventory_items.id 
FROM inventory_items 
WHERE inventory_items.character_id = ?
2026-08-30 00:25:46 | INFO | sqlalchemy.engine.Engine | [cached since 63.94s ago] (1,)
2026-08-30 00:25:46 | INFO | sqlalchemy.engine.Engine | SELECT count(pets.id) AS count_1 
FROM pets 
WHERE pets.character_id = ?
2026-08-30 00:25:46 | INFO | sqlalchemy.engine.Engine | [cached since 63.94s ago] (1,)
2026-08-30 00:25:46 | INFO | sqlalchemy.engine.Engine | UPDATE characters SET stamina_updated_at=?, updated_at=CURRENT_TIMESTAMP WHERE characters.id = ?
2026-08-30 00:25:46 | INFO | sqlalchemy.engine.Engine | [cached since 63.94s ago] ('2026-08-29 16:25:46.923201', 1)
2026-08-30 00:25:46 | INFO | sqlalchemy.engine.Engine | SELECT characters.id, characters.user_id, characters.name, characters.is_active, characters.major_realm, characters.realm_stage, characters.realm_stage_label, characters.cultivation_points, characters.body_tempering_points, characters.body_temper_stage, characters.body_temper_layer, characters.body_temper_layer_label, characters.body_temper_progress, characters.crafting_exp, characters.spirit_stones, characters.realm_progress, characters.breakthrough_grade, characters.divine_ability_slots, characters.membership_tier, characters.membership_expires_at, characters.tiandao_points, characters.pending_offline_json, characters.pending_event_logs_json, characters.offline_capped_at, characters.idle_direction, characters.status, characters.stamina, characters.stamina_updated_at, characters.trial_puppet_count, characters.divine_sense_capacity_bonus, characters.array_craft_level, characters.divine_sense_backlash, characters.reincarnation_points, characters.peak_major_realm, characters.growth_attrs_json, characters.story_flags_json, characters.ferry_deadline_at, characters.reincarnation_count, characters.legacy_items_json, characters.fate_luck, characters.demonic_nature, characters.spirit_root_tags_json, characters.last_self_rescue_at, characters.sect_id, characters.gender, characters.friend_profile_visible, characters.friend_profile_snapshot_json, characters.friend_profile_snapshot_at, characters.last_settled_at, characters.created_at, characters.updated_at 
FROM characters 
WHERE characters.id = ?
2026-08-30 00:25:46 | INFO | sqlalchemy.engine.Engine | [cached since 64.04s ago] (1,)
2026-08-30 00:25:46 | INFO | sqlalchemy.engine.Engine | COMMIT
2026-08-30 00:25:47 | INFO | sqlalchemy.engine.Engine | BEGIN (implicit)
2026-08-30 00:25:47 | INFO | sqlalchemy.engine.Engine | SELECT users.id AS users_id, users.username AS users_username, users.public_uid AS users_public_uid, users.password_hash AS users_password_hash, users.is_active AS users_is_active, users.is_gm AS users_is_gm, users.email AS users_email, users.phone AS users_phone, users.total_recharge_amount AS users_total_recharge_amount, users.real_name AS users_real_name, users.id_card_hash AS users_id_card_hash, users.id_card_masked AS users_id_card_masked, users.id_verified_level AS users_id_verified_level, users.email_verified AS users_email_verified, users.phone_verified AS users_phone_verified, users.created_at AS users_created_at, users.updated_at AS users_updated_at 
FROM users 
WHERE users.id = ?
2026-08-30 00:25:47 | INFO | sqlalchemy.engine.Engine | [cached since 65.16s ago] (2,)
2026-08-30 00:25:48 | INFO | sqlalchemy.engine.Engine | COMMIT
2026-08-30 00:25:52 | INFO | sqlalchemy.engine.Engine | BEGIN (implicit)
2026-08-30 00:25:52 | INFO | sqlalchemy.engine.Engine | SELECT users.id AS users_id, users.username AS users_username, users.public_uid AS users_public_uid, users.password_hash AS users_password_hash, users.is_active AS users_is_active, users.is_gm AS users_is_gm, users.email AS users_email, users.phone AS users_phone, users.total_recharge_amount AS users_total_recharge_amount, users.real_name AS users_real_name, users.id_card_hash AS users_id_card_hash, users.id_card_masked AS users_id_card_masked, users.id_verified_level AS users_id_verified_level, users.email_verified AS users_email_verified, users.phone_verified AS users_phone_verified, users.created_at AS users_created_at, users.updated_at AS users_updated_at 
FROM users 
WHERE users.id = ?
2026-08-30 00:25:52 | INFO | sqlalchemy.engine.Engine | [cached since 69.97s ago] (2,)
2026-08-30 00:25:52 | INFO | sqlalchemy.engine.Engine | SELECT characters.id, characters.user_id, characters.name, characters.is_active, characters.major_realm, characters.realm_stage, characters.realm_stage_label, characters.cultivation_points, characters.body_tempering_points, characters.body_temper_stage, characters.body_temper_layer, characters.body_temper_layer_label, characters.body_temper_progress, characters.crafting_exp, characters.spirit_stones, characters.realm_progress, characters.breakthrough_grade, characters.divine_ability_slots, characters.membership_tier, characters.membership_expires_at, characters.tiandao_points, characters.pending_offline_json, characters.pending_event_logs_json, characters.offline_capped_at, characters.idle_direction, characters.status, characters.stamina, characters.stamina_updated_at, characters.trial_puppet_count, characters.divine_sense_capacity_bonus, characters.array_craft_level, characters.divine_sense_backlash, characters.reincarnation_points, characters.peak_major_realm, characters.growth_attrs_json, characters.story_flags_json, characters.ferry_deadline_at, characters.reincarnation_count, characters.legacy_items_json, characters.fate_luck, characters.demonic_nature, characters.spirit_root_tags_json, characters.last_self_rescue_at, characters.sect_id, characters.gender, characters.friend_profile_visible, characters.friend_profile_snapshot_json, characters.friend_profile_snapshot_at, characters.last_settled_at, characters.created_at, characters.updated_at 
FROM characters 
WHERE characters.user_id = ?
 LIMIT ? OFFSET ?
2026-08-30 00:25:52 | INFO | sqlalchemy.engine.Engine | [cached since 69.97s ago] (2, 1, 0)
2026-08-30 00:25:52 | INFO | sqlalchemy.engine.Engine | SELECT avatars.id, avatars.character_id, avatars.name, avatars.status, avatars.idle_direction, avatars.cultivation_points, avatars.body_tempering_points, avatars.crafting_exp, avatars.base_stats_json, avatars.stamina, avatars.daily_actions_used, avatars.daily_actions_day, avatars.stamina_recovered_at, avatars.assist_friends_enabled, avatars.assist_stamina, avatars.assist_stamina_recovered_at, avatars.assist_stamina_locked, avatars.is_deployed, avatars.major_realm, avatars.realm_stage, avatars.realm_stage_label, avatars.realm_progress, avatars.last_settled_at, avatars.created_at 
FROM avatars 
WHERE avatars.character_id = ?
 LIMIT ? OFFSET ?
2026-08-30 00:25:52 | INFO | sqlalchemy.engine.Engine | [cached since 69.97s ago] (1, 1, 0)
2026-08-30 00:25:52 | INFO | sqlalchemy.engine.Engine | SELECT character_techniques.technique_id 
FROM character_techniques 
WHERE character_techniques.character_id = ?
2026-08-30 00:25:52 | INFO | sqlalchemy.engine.Engine | [cached since 69.97s ago] (1,)
2026-08-30 00:25:52 | INFO | sqlalchemy.engine.Engine | SELECT character_reincarnation_bonuses.character_id, character_reincarnation_bonuses.initial_attr_bonus, character_reincarnation_bonuses.minor_growth_bonus, character_reincarnation_bonuses.major_growth_bonus, character_reincarnation_bonuses.break_rate_bonus, character_reincarnation_bonuses.lifetime_applied_growth, character_reincarnation_bonuses.constitution_slots_bought, character_reincarnation_bonuses.spirit_root_slots_bought, character_reincarnation_bonuses.shop_random_offers_json, character_reincarnation_bonuses.shop_seed, character_reincarnation_bonuses.shop_refreshed_at, character_reincarnation_bonuses.updated_at 
FROM character_reincarnation_bonuses 
WHERE character_reincarnation_bonuses.character_id = ?
2026-08-30 00:25:52 | INFO | sqlalchemy.engine.Engine | [cached since 69.97s ago] (1,)
2026-08-30 00:25:52 | INFO | sqlalchemy.engine.Engine | SELECT character_constitution_slots.id, character_constitution_slots.character_id, character_constitution_slots.slot_type, character_constitution_slots.slot_index, character_constitution_slots.item_instance_id, character_constitution_slots.created_at 
FROM character_constitution_slots 
WHERE character_constitution_slots.character_id = ?
2026-08-30 00:25:52 | INFO | sqlalchemy.engine.Engine | [cached since 69.96s ago] (1,)
2026-08-30 00:25:52 | INFO | sqlalchemy.engine.Engine | SELECT character_constitution_items.id, character_constitution_items.character_id, character_constitution_items.def_id, character_constitution_items.quality, character_constitution_items.grade, character_constitution_items.kind, character_constitution_items.is_equipped, character_constitution_items.created_at 
FROM character_constitution_items 
WHERE character_constitution_items.character_id = ?
2026-08-30 00:25:52 | INFO | sqlalchemy.engine.Engine | [cached since 69.96s ago] (1,)
2026-08-30 00:25:52 | INFO | sqlalchemy.engine.Engine | SELECT character_constitution_slots.id, character_constitution_slots.character_id, character_constitution_slots.slot_type, character_constitution_slots.slot_index, character_constitution_slots.item_instance_id, character_constitution_slots.created_at 
FROM character_constitution_slots 
WHERE character_constitution_slots.character_id = ? ORDER BY character_constitution_slots.slot_type ASC, character_constitution_slots.slot_index ASC
2026-08-30 00:25:52 | INFO | sqlalchemy.engine.Engine | [cached since 69.96s ago] (1,)
2026-08-30 00:25:52 | INFO | sqlalchemy.engine.Engine | SELECT character_equipment_slots.id, character_equipment_slots.character_id, character_equipment_slots.slot, character_equipment_slots.inventory_item_id, character_equipment_slots.created_at, character_equipment_slots.updated_at 
FROM character_equipment_slots 
WHERE character_equipment_slots.character_id = ?
2026-08-30 00:25:52 | INFO | sqlalchemy.engine.Engine | [cached since 69.96s ago] (1,)
2026-08-30 00:25:52 | INFO | sqlalchemy.engine.Engine | SELECT character_equipment_slots.id, character_equipment_slots.character_id, character_equipment_slots.slot, character_equipment_slots.inventory_item_id, character_equipment_slots.created_at, character_equipment_slots.updated_at 
FROM character_equipment_slots 
WHERE character_equipment_slots.character_id = ?
2026-08-30 00:25:52 | INFO | sqlalchemy.engine.Engine | [cached since 69.97s ago] (1,)
2026-08-30 00:25:52 | INFO | sqlalchemy.engine.Engine | SELECT inventory_items.id, inventory_items.character_id, inventory_items.item_uid, inventory_items.item_type, inventory_items.item_id, inventory_items.quantity, inventory_items.bag_kind, inventory_items.meta_json, inventory_items.created_at, inventory_items.updated_at 
FROM inventory_items 
WHERE inventory_items.id = ? AND inventory_items.character_id = ?
 LIMIT ? OFFSET ?
2026-08-30 00:25:52 | INFO | sqlalchemy.engine.Engine | [cached since 6.129s ago] (31, 1, 1, 0)
2026-08-30 00:25:52 | INFO | sqlalchemy.engine.Engine | SELECT avatars.id, avatars.character_id, avatars.name, avatars.status, avatars.idle_direction, avatars.cultivation_points, avatars.body_tempering_points, avatars.crafting_exp, avatars.base_stats_json, avatars.stamina, avatars.daily_actions_used, avatars.daily_actions_day, avatars.stamina_recovered_at, avatars.assist_friends_enabled, avatars.assist_stamina, avatars.assist_stamina_recovered_at, avatars.assist_stamina_locked, avatars.is_deployed, avatars.major_realm, avatars.realm_stage, avatars.realm_stage_label, avatars.realm_progress, avatars.last_settled_at, avatars.created_at 
FROM avatars 
WHERE avatars.character_id = ?
 LIMIT ? OFFSET ?
2026-08-30 00:25:52 | INFO | sqlalchemy.engine.Engine | [cached since 69.99s ago] (1, 1, 0)
2026-08-30 00:25:52 | INFO | sqlalchemy.engine.Engine | SELECT character_techniques.technique_id 
FROM character_techniques 
WHERE character_techniques.character_id = ?
2026-08-30 00:25:52 | INFO | sqlalchemy.engine.Engine | [cached since 69.99s ago] (1,)
2026-08-30 00:25:52 | INFO | sqlalchemy.engine.Engine | SELECT character_reincarnation_bonuses.character_id, character_reincarnation_bonuses.initial_attr_bonus, character_reincarnation_bonuses.minor_growth_bonus, character_reincarnation_bonuses.major_growth_bonus, character_reincarnation_bonuses.break_rate_bonus, character_reincarnation_bonuses.lifetime_applied_growth, character_reincarnation_bonuses.constitution_slots_bought, character_reincarnation_bonuses.spirit_root_slots_bought, character_reincarnation_bonuses.shop_random_offers_json, character_reincarnation_bonuses.shop_seed, character_reincarnation_bonuses.shop_refreshed_at, character_reincarnation_bonuses.updated_at 
FROM character_reincarnation_bonuses 
WHERE character_reincarnation_bonuses.character_id = ?
2026-08-30 00:25:52 | INFO | sqlalchemy.engine.Engine | [cached since 69.98s ago] (1,)
2026-08-30 00:25:52 | INFO | sqlalchemy.engine.Engine | SELECT character_constitution_slots.id, character_constitution_slots.character_id, character_constitution_slots.slot_type, character_constitution_slots.slot_index, character_constitution_slots.item_instance_id, character_constitution_slots.created_at 
FROM character_constitution_slots 
WHERE character_constitution_slots.character_id = ?
2026-08-30 00:25:52 | INFO | sqlalchemy.engine.Engine | [cached since 69.98s ago] (1,)
2026-08-30 00:25:52 | INFO | sqlalchemy.engine.Engine | SELECT character_constitution_items.id, character_constitution_items.character_id, character_constitution_items.def_id, character_constitution_items.quality, character_constitution_items.grade, character_constitution_items.kind, character_constitution_items.is_equipped, character_constitution_items.created_at 
FROM character_constitution_items 
WHERE character_constitution_items.character_id = ?
2026-08-30 00:25:52 | INFO | sqlalchemy.engine.Engine | [cached since 69.98s ago] (1,)
2026-08-30 00:25:52 | INFO | sqlalchemy.engine.Engine | SELECT character_constitution_slots.id, character_constitution_slots.character_id, character_constitution_slots.slot_type, character_constitution_slots.slot_index, character_constitution_slots.item_instance_id, character_constitution_slots.created_at 
FROM character_constitution_slots 
WHERE character_constitution_slots.character_id = ? ORDER BY character_constitution_slots.slot_type ASC, character_constitution_slots.slot_index ASC
2026-08-30 00:25:52 | INFO | sqlalchemy.engine.Engine | [cached since 69.98s ago] (1,)
2026-08-30 00:25:52 | INFO | sqlalchemy.engine.Engine | SELECT character_equipment_slots.id, character_equipment_slots.character_id, character_equipment_slots.slot, character_equipment_slots.inventory_item_id, character_equipment_slots.created_at, character_equipment_slots.updated_at 
FROM character_equipment_slots 
WHERE character_equipment_slots.character_id = ?
2026-08-30 00:25:52 | INFO | sqlalchemy.engine.Engine | [cached since 69.98s ago] (1,)
2026-08-30 00:25:52 | INFO | sqlalchemy.engine.Engine | SELECT character_equipment_slots.id, character_equipment_slots.character_id, character_equipment_slots.slot, character_equipment_slots.inventory_item_id, character_equipment_slots.created_at, character_equipment_slots.updated_at 
FROM character_equipment_slots 
WHERE character_equipment_slots.character_id = ?
2026-08-30 00:25:52 | INFO | sqlalchemy.engine.Engine | [cached since 69.98s ago] (1,)
2026-08-30 00:25:52 | INFO | sqlalchemy.engine.Engine | SELECT inventory_items.id, inventory_items.character_id, inventory_items.item_uid, inventory_items.item_type, inventory_items.item_id, inventory_items.quantity, inventory_items.bag_kind, inventory_items.meta_json, inventory_items.created_at, inventory_items.updated_at 
FROM inventory_items 
WHERE inventory_items.id = ? AND inventory_items.character_id = ?
 LIMIT ? OFFSET ?
2026-08-30 00:25:52 | INFO | sqlalchemy.engine.Engine | [cached since 6.148s ago] (31, 1, 1, 0)
2026-08-30 00:25:52 | INFO | sqlalchemy.engine.Engine | SELECT craft_jobs.id, craft_jobs.character_id, craft_jobs.actor, craft_jobs.recipe_id, craft_jobs.quantity, craft_jobs.started_at, craft_jobs.finish_at, craft_jobs.status, craft_jobs.result_json, craft_jobs.cost_snapshot_json, craft_jobs.env_lock_json, craft_jobs.created_at 
FROM craft_jobs 
WHERE craft_jobs.character_id = ? AND craft_jobs.status IN (?, ?) ORDER BY craft_jobs.id ASC
2026-08-30 00:25:52 | INFO | sqlalchemy.engine.Engine | [cached since 66.24s ago] (1, <CraftJobStatus.RUNNING: 'running'>, <CraftJobStatus.READY: 'ready'>)
2026-08-30 00:25:52 | INFO | sqlalchemy.engine.Engine | INSERT INTO inventory_items (character_id, item_uid, item_type, item_id, quantity, bag_kind, meta_json) VALUES (?, ?, ?, ?, ?, ?, ?) RETURNING id, created_at, updated_at
2026-08-30 00:25:52 | INFO | sqlalchemy.engine.Engine | [cached since 51.13s ago] (1, 'puppet_wood_v1_acc88557', 'puppet', 'puppet_wood_v1', 1, 'normal', '{"quality": "common"}')
2026-08-30 00:25:52 | INFO | sqlalchemy.engine.Engine | SELECT inventory_items.id, inventory_items.character_id, inventory_items.item_uid, inventory_items.item_type, inventory_items.item_id, inventory_items.quantity, inventory_items.bag_kind, inventory_items.meta_json, inventory_items.created_at, inventory_items.updated_at 
FROM inventory_items 
WHERE inventory_items.character_id = ? AND inventory_items.item_type = ? AND inventory_items.item_id = ?
2026-08-30 00:25:52 | INFO | sqlalchemy.engine.Engine | [cached since 6.196s ago] (1, <ItemType.PUPPET: 'puppet'>, 'puppet_wood_v1')
2026-08-30 00:25:52 | INFO | sqlalchemy.engine.Engine | SELECT puppet_actors.id, puppet_actors.character_id, puppet_actors.inventory_item_id, puppet_actors.def_id, puppet_actors.ephemeral, puppet_actors.trial_index, puppet_actors.label_zh, puppet_actors.meta_json, puppet_actors.created_at, puppet_actors.updated_at 
FROM puppet_actors 
WHERE puppet_actors.inventory_item_id = ?
 LIMIT ? OFFSET ?
2026-08-30 00:25:52 | INFO | sqlalchemy.engine.Engine | [cached since 6.194s ago] (33, 1, 0)
2026-08-30 00:25:52 | INFO | sqlalchemy.engine.Engine | SELECT puppet_actors.id, puppet_actors.character_id, puppet_actors.inventory_item_id, puppet_actors.def_id, puppet_actors.ephemeral, puppet_actors.trial_index, puppet_actors.label_zh, puppet_actors.meta_json, puppet_actors.created_at, puppet_actors.updated_at 
FROM puppet_actors 
WHERE puppet_actors.inventory_item_id = ?
 LIMIT ? OFFSET ?
2026-08-30 00:25:52 | INFO | sqlalchemy.engine.Engine | [cached since 6.196s ago] (43, 1, 0)
2026-08-30 00:25:52 | INFO | sqlalchemy.engine.Engine | SELECT puppet_actors.id, puppet_actors.character_id, puppet_actors.inventory_item_id, puppet_actors.def_id, puppet_actors.ephemeral, puppet_actors.trial_index, puppet_actors.label_zh, puppet_actors.meta_json, puppet_actors.created_at, puppet_actors.updated_at 
FROM puppet_actors 
WHERE puppet_actors.inventory_item_id = ?
 LIMIT ? OFFSET ?
2026-08-30 00:25:52 | INFO | sqlalchemy.engine.Engine | [cached since 6.198s ago] (44, 1, 0)
2026-08-30 00:25:52 | INFO | sqlalchemy.engine.Engine | INSERT INTO puppet_actors (character_id, inventory_item_id, def_id, ephemeral, trial_index, label_zh, meta_json) VALUES (?, ?, ?, ?, ?, ?, ?) RETURNING id, created_at, updated_at
2026-08-30 00:25:52 | INFO | sqlalchemy.engine.Engine | [cached since 6.195s ago] (1, 44, 'puppet_wood_v1', 0, None, '木傀·初', None)
2026-08-30 00:25:52 | INFO | app.services.puppet_service | puppet actor created inventory_item_id=44 actor_id=3 def_id=puppet_wood_v1
2026-08-30 00:25:52 | INFO | sqlalchemy.engine.Engine | UPDATE craft_jobs SET quantity=?, status=?, result_json=? WHERE craft_jobs.id = ?
2026-08-30 00:25:52 | INFO | sqlalchemy.engine.Engine | [cached since 31.14s ago] (0, <CraftJobStatus.CLAIMED: 'claimed'>, '{"failed": false, "units": [{"failed": false, "quality": "common", "outputs": [{"item_type": "puppet", "item_id": "puppet_wood_v1", "quantity": 1, "q ... (83 characters truncated) ... n", "outputs": [{"item_type": "puppet", "item_id": "puppet_wood_v1", "quantity": 1, "quality": "common", "quality_label_zh": "凡品"}]}], "quantity": 0}', 10)
2026-08-30 00:25:52 | INFO | app.services.craft_service | craft unit(s) resolved character_id=1 job_id=10 done=1 left=0
2026-08-30 00:25:52 | INFO | app.services.craft_service | craft jobs settled character_id=1 ids=[10]
2026-08-30 00:25:52 | INFO | sqlalchemy.engine.Engine | SELECT inventory_items.id, inventory_items.character_id, inventory_items.item_uid, inventory_items.item_type, inventory_items.item_id, inventory_items.quantity, inventory_items.bag_kind, inventory_items.meta_json, inventory_items.created_at, inventory_items.updated_at 
FROM inventory_items 
WHERE inventory_items.character_id = ? AND inventory_items.item_uid = ?
 LIMIT ? OFFSET ?
2026-08-30 00:25:52 | INFO | sqlalchemy.engine.Engine | [cached since 6.194s ago] (1, 'iron_sword_t1_9df73c6a', 1, 0)
2026-08-30 00:25:52 | INFO | sqlalchemy.engine.Engine | SELECT character_equipment_slots.id, character_equipment_slots.character_id, character_equipment_slots.slot, character_equipment_slots.inventory_item_id, character_equipment_slots.created_at, character_equipment_slots.updated_at 
FROM character_equipment_slots 
WHERE character_equipment_slots.character_id = ?
2026-08-30 00:25:52 | INFO | sqlalchemy.engine.Engine | [cached since 70.01s ago] (1,)
2026-08-30 00:25:52 | INFO | sqlalchemy.engine.Engine | SELECT character_equipment_slots.id, character_equipment_slots.character_id, character_equipment_slots.slot, character_equipment_slots.inventory_item_id, character_equipment_slots.created_at, character_equipment_slots.updated_at 
FROM character_equipment_slots 
WHERE character_equipment_slots.character_id = ?
2026-08-30 00:25:52 | INFO | sqlalchemy.engine.Engine | [cached since 70.01s ago] (1,)
2026-08-30 00:25:52 | INFO | sqlalchemy.engine.Engine | SELECT avatars.id, avatars.character_id, avatars.name, avatars.status, avatars.idle_direction, avatars.cultivation_points, avatars.body_tempering_points, avatars.crafting_exp, avatars.base_stats_json, avatars.stamina, avatars.daily_actions_used, avatars.daily_actions_day, avatars.stamina_recovered_at, avatars.assist_friends_enabled, avatars.assist_stamina, avatars.assist_stamina_recovered_at, avatars.assist_stamina_locked, avatars.is_deployed, avatars.major_realm, avatars.realm_stage, avatars.realm_stage_label, avatars.realm_progress, avatars.last_settled_at, avatars.created_at 
FROM avatars 
WHERE avatars.character_id = ?
 LIMIT ? OFFSET ?
2026-08-30 00:25:52 | INFO | sqlalchemy.engine.Engine | [cached since 70.03s ago] (1, 1, 0)
2026-08-30 00:25:52 | INFO | sqlalchemy.engine.Engine | SELECT avatar_equipment_slots.id, avatar_equipment_slots.avatar_id, avatar_equipment_slots.slot, avatar_equipment_slots.inventory_item_id, avatar_equipment_slots.created_at, avatar_equipment_slots.updated_at 
FROM avatar_equipment_slots 
WHERE avatar_equipment_slots.avatar_id = ?
2026-08-30 00:25:52 | INFO | sqlalchemy.engine.Engine | [cached since 69.2s ago] (1,)
2026-08-30 00:25:52 | INFO | sqlalchemy.engine.Engine | SELECT avatars.id, avatars.character_id, avatars.name, avatars.status, avatars.idle_direction, avatars.cultivation_points, avatars.body_tempering_points, avatars.crafting_exp, avatars.base_stats_json, avatars.stamina, avatars.daily_actions_used, avatars.daily_actions_day, avatars.stamina_recovered_at, avatars.assist_friends_enabled, avatars.assist_stamina, avatars.assist_stamina_recovered_at, avatars.assist_stamina_locked, avatars.is_deployed, avatars.major_realm, avatars.realm_stage, avatars.realm_stage_label, avatars.realm_progress, avatars.last_settled_at, avatars.created_at 
FROM avatars 
WHERE avatars.character_id = ?
 LIMIT ? OFFSET ?
2026-08-30 00:25:52 | INFO | sqlalchemy.engine.Engine | [cached since 70.04s ago] (1, 1, 0)
2026-08-30 00:25:52 | INFO | sqlalchemy.engine.Engine | SELECT avatar_equipment_slots.id, avatar_equipment_slots.avatar_id, avatar_equipment_slots.slot, avatar_equipment_slots.inventory_item_id, avatar_equipment_slots.created_at, avatar_equipment_slots.updated_at 
FROM avatar_equipment_slots 
WHERE avatar_equipment_slots.avatar_id = ?
2026-08-30 00:25:52 | INFO | sqlalchemy.engine.Engine | [cached since 69.21s ago] (1,)
2026-08-30 00:25:52 | INFO | sqlalchemy.engine.Engine | SELECT character_equipment_slots.id, character_equipment_slots.character_id, character_equipment_slots.slot, character_equipment_slots.inventory_item_id, character_equipment_slots.created_at, character_equipment_slots.updated_at 
FROM character_equipment_slots 
WHERE character_equipment_slots.character_id = ?
2026-08-30 00:25:52 | INFO | sqlalchemy.engine.Engine | [cached since 70.02s ago] (1,)
2026-08-30 00:25:52 | INFO | sqlalchemy.engine.Engine | SELECT character_equipment_slots.id, character_equipment_slots.character_id, character_equipment_slots.slot, character_equipment_slots.inventory_item_id, character_equipment_slots.created_at, character_equipment_slots.updated_at 
FROM character_equipment_slots 
WHERE character_equipment_slots.character_id = ?
2026-08-30 00:25:52 | INFO | sqlalchemy.engine.Engine | [cached since 70.03s ago] (1,)
2026-08-30 00:25:52 | INFO | sqlalchemy.engine.Engine | UPDATE character_equipment_slots SET inventory_item_id=?, updated_at=CURRENT_TIMESTAMP WHERE character_equipment_slots.id = ?
2026-08-30 00:25:52 | INFO | sqlalchemy.engine.Engine | [cached since 6.196s ago] (39, 38)
2026-08-30 00:25:52 | INFO | app.services.equipment_service | equipment equip character_id=1 actor=main slot=weapon_2 item_uid=iron_sword_t1_9df73c6a
2026-08-30 00:25:52 | INFO | sqlalchemy.engine.Engine | SELECT character_equipment_slots.id, character_equipment_slots.character_id, character_equipment_slots.slot, character_equipment_slots.inventory_item_id, character_equipment_slots.created_at, character_equipment_slots.updated_at 
FROM character_equipment_slots 
WHERE character_equipment_slots.character_id = ?
2026-08-30 00:25:52 | INFO | sqlalchemy.engine.Engine | [cached since 70.03s ago] (1,)
2026-08-30 00:25:52 | INFO | sqlalchemy.engine.Engine | SELECT character_equipment_slots.id, character_equipment_slots.character_id, character_equipment_slots.slot, character_equipment_slots.inventory_item_id, character_equipment_slots.created_at, character_equipment_slots.updated_at 
FROM character_equipment_slots 
WHERE character_equipment_slots.character_id = ?
2026-08-30 00:25:52 | INFO | sqlalchemy.engine.Engine | [cached since 70.03s ago] (1,)
2026-08-30 00:25:52 | INFO | sqlalchemy.engine.Engine | SELECT inventory_items.id, inventory_items.character_id, inventory_items.item_uid, inventory_items.item_type, inventory_items.item_id, inventory_items.quantity, inventory_items.bag_kind, inventory_items.meta_json, inventory_items.created_at, inventory_items.updated_at 
FROM inventory_items 
WHERE inventory_items.id = ? AND inventory_items.character_id = ?
 LIMIT ? OFFSET ?
2026-08-30 00:25:52 | INFO | sqlalchemy.engine.Engine | [cached since 6.195s ago] (31, 1, 1, 0)
2026-08-30 00:25:52 | INFO | sqlalchemy.engine.Engine | SELECT inventory_items.id, inventory_items.character_id, inventory_items.item_uid, inventory_items.item_type, inventory_items.item_id, inventory_items.quantity, inventory_items.bag_kind, inventory_items.meta_json, inventory_items.created_at, inventory_items.updated_at 
FROM inventory_items 
WHERE inventory_items.id = ? AND inventory_items.character_id = ?
 LIMIT ? OFFSET ?
2026-08-30 00:25:52 | INFO | sqlalchemy.engine.Engine | [cached since 6.197s ago] (39, 1, 1, 0)
2026-08-30 00:25:52 | INFO | sqlalchemy.engine.Engine | SELECT inventory_items.id, inventory_items.character_id, inventory_items.item_uid, inventory_items.item_type, inventory_items.item_id, inventory_items.quantity, inventory_items.bag_kind, inventory_items.meta_json, inventory_items.created_at, inventory_items.updated_at 
FROM inventory_items 
WHERE inventory_items.character_id = ? AND inventory_items.item_type = ? ORDER BY inventory_items.item_id, inventory_items.id
2026-08-30 00:25:52 | INFO | sqlalchemy.engine.Engine | [cached since 69.94s ago] (1, <ItemType.PUPPET: 'puppet'>)
2026-08-30 00:25:52 | INFO | sqlalchemy.engine.Engine | SELECT pets.id, pets.character_id, pets.species_id, pets.grade, pets.level, pets.nickname, pets.is_deploy_preferred, pets.affixes_json, pets.value_reroll_counts_json, pets.type_reroll_counts_json, pets.skills_learned_json, pets.skills_equipped_json, pets.racial_talent_id, pets.passives_json, pets.feed_counts_json, pets.created_at 
FROM pets 
WHERE pets.character_id = ? ORDER BY pets.id
2026-08-30 00:25:52 | INFO | sqlalchemy.engine.Engine | [cached since 15.6s ago] (1,)
2026-08-30 00:25:52 | INFO | sqlalchemy.engine.Engine | SELECT inventory_items.id, inventory_items.character_id, inventory_items.item_uid, inventory_items.item_type, inventory_items.item_id, inventory_items.quantity, inventory_items.bag_kind, inventory_items.meta_json, inventory_items.created_at, inventory_items.updated_at 
FROM inventory_items 
WHERE inventory_items.character_id = ? AND inventory_items.item_type = ?
2026-08-30 00:25:52 | INFO | sqlalchemy.engine.Engine | [cached since 15.59s ago] (1, <ItemType.PET: 'pet'>)
2026-08-30 00:25:52 | INFO | sqlalchemy.engine.Engine | SELECT character_talisman_loadouts.character_id, character_talisman_loadouts.slots_json, character_talisman_loadouts.updated_at 
FROM character_talisman_loadouts 
WHERE character_talisman_loadouts.character_id = ?
 LIMIT ? OFFSET ?
2026-08-30 00:25:52 | INFO | sqlalchemy.engine.Engine | [cached since 15.59s ago] (1, 1, 0)
2026-08-30 00:25:52 | INFO | sqlalchemy.engine.Engine | SELECT inventory_items.id, inventory_items.character_id, inventory_items.item_uid, inventory_items.item_type, inventory_items.item_id, inventory_items.quantity, inventory_items.bag_kind, inventory_items.meta_json, inventory_items.created_at, inventory_items.updated_at 
FROM inventory_items 
WHERE inventory_items.character_id = ? AND inventory_items.item_type = ? ORDER BY inventory_items.id
2026-08-30 00:25:52 | INFO | sqlalchemy.engine.Engine | [cached since 15.59s ago] (1, <ItemType.TALISMAN: 'talisman'>)
2026-08-30 00:25:52 | INFO | sqlalchemy.engine.Engine | SELECT character_equipment_slots.id, character_equipment_slots.character_id, character_equipment_slots.slot, character_equipment_slots.inventory_item_id, character_equipment_slots.created_at, character_equipment_slots.updated_at 
FROM character_equipment_slots 
WHERE character_equipment_slots.character_id = ?
2026-08-30 00:25:52 | INFO | sqlalchemy.engine.Engine | [cached since 70.05s ago] (1,)
2026-08-30 00:25:52 | INFO | sqlalchemy.engine.Engine | SELECT character_equipment_slots.id, character_equipment_slots.character_id, character_equipment_slots.slot, character_equipment_slots.inventory_item_id, character_equipment_slots.created_at, character_equipment_slots.updated_at 
FROM character_equipment_slots 
WHERE character_equipment_slots.character_id = ?
2026-08-30 00:25:52 | INFO | sqlalchemy.engine.Engine | [cached since 70.05s ago] (1,)
2026-08-30 00:25:52 | INFO | sqlalchemy.engine.Engine | SELECT avatars.id, avatars.character_id, avatars.name, avatars.status, avatars.idle_direction, avatars.cultivation_points, avatars.body_tempering_points, avatars.crafting_exp, avatars.base_stats_json, avatars.stamina, avatars.daily_actions_used, avatars.daily_actions_day, avatars.stamina_recovered_at, avatars.assist_friends_enabled, avatars.assist_stamina, avatars.assist_stamina_recovered_at, avatars.assist_stamina_locked, avatars.is_deployed, avatars.major_realm, avatars.realm_stage, avatars.realm_stage_label, avatars.realm_progress, avatars.last_settled_at, avatars.created_at 
FROM avatars 
WHERE avatars.character_id = ?
 LIMIT ? OFFSET ?
2026-08-30 00:25:52 | INFO | sqlalchemy.engine.Engine | [cached since 70.07s ago] (1, 1, 0)
2026-08-30 00:25:52 | INFO | sqlalchemy.engine.Engine | SELECT avatar_equipment_slots.id, avatar_equipment_slots.avatar_id, avatar_equipment_slots.slot, avatar_equipment_slots.inventory_item_id, avatar_equipment_slots.created_at, avatar_equipment_slots.updated_at 
FROM avatar_equipment_slots 
WHERE avatar_equipment_slots.avatar_id = ?
2026-08-30 00:25:52 | INFO | sqlalchemy.engine.Engine | [cached since 69.24s ago] (1,)
2026-08-30 00:25:52 | INFO | sqlalchemy.engine.Engine | SELECT avatars.id, avatars.character_id, avatars.name, avatars.status, avatars.idle_direction, avatars.cultivation_points, avatars.body_tempering_points, avatars.crafting_exp, avatars.base_stats_json, avatars.stamina, avatars.daily_actions_used, avatars.daily_actions_day, avatars.stamina_recovered_at, avatars.assist_friends_enabled, avatars.assist_stamina, avatars.assist_stamina_recovered_at, avatars.assist_stamina_locked, avatars.is_deployed, avatars.major_realm, avatars.realm_stage, avatars.realm_stage_label, avatars.realm_progress, avatars.last_settled_at, avatars.created_at 
FROM avatars 
WHERE avatars.character_id = ?
 LIMIT ? OFFSET ?
2026-08-30 00:25:52 | INFO | sqlalchemy.engine.Engine | [cached since 70.07s ago] (1, 1, 0)
2026-08-30 00:25:52 | INFO | sqlalchemy.engine.Engine | SELECT avatar_equipment_slots.id, avatar_equipment_slots.avatar_id, avatar_equipment_slots.slot, avatar_equipment_slots.inventory_item_id, avatar_equipment_slots.created_at, avatar_equipment_slots.updated_at 
FROM avatar_equipment_slots 
WHERE avatar_equipment_slots.avatar_id = ?
2026-08-30 00:25:52 | INFO | sqlalchemy.engine.Engine | [cached since 69.25s ago] (1,)
2026-08-30 00:25:52 | INFO | sqlalchemy.engine.Engine | SELECT inventory_items.id, inventory_items.character_id, inventory_items.item_uid, inventory_items.item_type, inventory_items.item_id, inventory_items.quantity, inventory_items.bag_kind, inventory_items.meta_json, inventory_items.created_at, inventory_items.updated_at 
FROM inventory_items 
WHERE inventory_items.character_id = ? AND inventory_items.item_type IN (?, ?) ORDER BY inventory_items.item_type, inventory_items.item_id
2026-08-30 00:25:52 | INFO | sqlalchemy.engine.Engine | [cached since 15.58s ago] (1, <ItemType.EQUIPMENT: 'equipment'>, <ItemType.PET: 'pet'>)
2026-08-30 00:25:52 | INFO | sqlalchemy.engine.Engine | SELECT avatars.id, avatars.character_id, avatars.name, avatars.status, avatars.idle_direction, avatars.cultivation_points, avatars.body_tempering_points, avatars.crafting_exp, avatars.base_stats_json, avatars.stamina, avatars.daily_actions_used, avatars.daily_actions_day, avatars.stamina_recovered_at, avatars.assist_friends_enabled, avatars.assist_stamina, avatars.assist_stamina_recovered_at, avatars.assist_stamina_locked, avatars.is_deployed, avatars.major_realm, avatars.realm_stage, avatars.realm_stage_label, avatars.realm_progress, avatars.last_settled_at, avatars.created_at 
FROM avatars 
WHERE avatars.character_id = ?
 LIMIT ? OFFSET ?
2026-08-30 00:25:52 | INFO | sqlalchemy.engine.Engine | [cached since 70.08s ago] (1, 1, 0)
2026-08-30 00:25:52 | INFO | sqlalchemy.engine.Engine | SELECT character_reincarnation_bonuses.character_id, character_reincarnation_bonuses.initial_attr_bonus, character_reincarnation_bonuses.minor_growth_bonus, character_reincarnation_bonuses.major_growth_bonus, character_reincarnation_bonuses.break_rate_bonus, character_reincarnation_bonuses.lifetime_applied_growth, character_reincarnation_bonuses.constitution_slots_bought, character_reincarnation_bonuses.spirit_root_slots_bought, character_reincarnation_bonuses.shop_random_offers_json, character_reincarnation_bonuses.shop_seed, character_reincarnation_bonuses.shop_refreshed_at, character_reincarnation_bonuses.updated_at 
FROM character_reincarnation_bonuses 
WHERE character_reincarnation_bonuses.character_id = ?
2026-08-30 00:25:52 | INFO | sqlalchemy.engine.Engine | [cached since 70.08s ago] (1,)
2026-08-30 00:25:52 | INFO | sqlalchemy.engine.Engine | SELECT character_technique_slots.id, character_technique_slots.character_id, character_technique_slots.slot_type, character_technique_slots.slot_index, character_technique_slots.technique_id, character_technique_slots.created_at 
FROM character_technique_slots 
WHERE character_technique_slots.character_id = ?
2026-08-30 00:25:52 | INFO | sqlalchemy.engine.Engine | [cached since 70.05s ago] (1,)
2026-08-30 00:25:52 | INFO | sqlalchemy.engine.Engine | SELECT character_techniques.id 
FROM character_techniques 
WHERE character_techniques.character_id = ? AND character_techniques.technique_id = ?
 LIMIT ? OFFSET ?
2026-08-30 00:25:52 | INFO | sqlalchemy.engine.Engine | [cached since 70.05s ago] (1, 'basic_qi_art', 1, 0)
2026-08-30 00:25:52 | INFO | sqlalchemy.engine.Engine | SELECT character_techniques.id 
FROM character_techniques 
WHERE character_techniques.character_id = ? AND character_techniques.technique_id = ?
 LIMIT ? OFFSET ?
2026-08-30 00:25:52 | INFO | sqlalchemy.engine.Engine | [cached since 70.05s ago] (1, 'iron_body_art', 1, 0)
2026-08-30 00:25:52 | INFO | sqlalchemy.engine.Engine | SELECT character_techniques.id 
FROM character_techniques 
WHERE character_techniques.character_id = ? AND character_techniques.technique_id = ?
 LIMIT ? OFFSET ?
2026-08-30 00:25:52 | INFO | sqlalchemy.engine.Engine | [cached since 70.05s ago] (1, 'beginner_alchemy', 1, 0)
2026-08-30 00:25:52 | INFO | sqlalchemy.engine.Engine | SELECT character_techniques.id 
FROM character_techniques 
WHERE character_techniques.character_id = ? AND character_techniques.technique_id = ?
 LIMIT ? OFFSET ?
2026-08-30 00:25:52 | INFO | sqlalchemy.engine.Engine | [cached since 70.05s ago] (1, 'thunder_breath_art', 1, 0)
2026-08-30 00:25:52 | INFO | app.services.technique_service | default techniques granted character_id=1
2026-08-30 00:25:52 | INFO | sqlalchemy.engine.Engine | SELECT character_techniques.id, character_techniques.character_id, character_techniques.technique_id, character_techniques.level, character_techniques.source, character_techniques.created_at, character_techniques.updated_at 
FROM character_techniques 
WHERE character_techniques.character_id = ?
2026-08-30 00:25:52 | INFO | sqlalchemy.engine.Engine | [cached since 70.04s ago] (1,)
2026-08-30 00:25:52 | INFO | sqlalchemy.engine.Engine | SELECT character_constitution_slots.id, character_constitution_slots.character_id, character_constitution_slots.slot_type, character_constitution_slots.slot_index, character_constitution_slots.item_instance_id, character_constitution_slots.created_at, character_constitution_items.id AS id_1, character_constitution_items.character_id AS character_id_1, character_constitution_items.def_id, character_constitution_items.quality, character_constitution_items.grade, character_constitution_items.kind, character_constitution_items.is_equipped, character_constitution_items.created_at AS created_at_1 
FROM character_constitution_slots LEFT OUTER JOIN character_constitution_items ON character_constitution_slots.item_instance_id = character_constitution_items.id 
WHERE character_constitution_slots.character_id = ?
2026-08-30 00:25:52 | INFO | sqlalchemy.engine.Engine | [cached since 70.04s ago] (1,)
2026-08-30 00:25:52 | INFO | sqlalchemy.engine.Engine | SELECT character_reincarnation_bonuses.character_id, character_reincarnation_bonuses.initial_attr_bonus, character_reincarnation_bonuses.minor_growth_bonus, character_reincarnation_bonuses.major_growth_bonus, character_reincarnation_bonuses.break_rate_bonus, character_reincarnation_bonuses.lifetime_applied_growth, character_reincarnation_bonuses.constitution_slots_bought, character_reincarnation_bonuses.spirit_root_slots_bought, character_reincarnation_bonuses.shop_random_offers_json, character_reincarnation_bonuses.shop_seed, character_reincarnation_bonuses.shop_refreshed_at, character_reincarnation_bonuses.updated_at 
FROM character_reincarnation_bonuses 
WHERE character_reincarnation_bonuses.character_id = ?
2026-08-30 00:25:52 | INFO | sqlalchemy.engine.Engine | [cached since 70.09s ago] (1,)
2026-08-30 00:25:52 | INFO | sqlalchemy.engine.Engine | SELECT character_constitution_slots.id, character_constitution_slots.character_id, character_constitution_slots.slot_type, character_constitution_slots.slot_index, character_constitution_slots.item_instance_id, character_constitution_slots.created_at 
FROM character_constitution_slots 
WHERE character_constitution_slots.character_id = ?
2026-08-30 00:25:52 | INFO | sqlalchemy.engine.Engine | [cached since 70.09s ago] (1,)
2026-08-30 00:25:52 | INFO | sqlalchemy.engine.Engine | SELECT character_constitution_items.id, character_constitution_items.character_id, character_constitution_items.def_id, character_constitution_items.quality, character_constitution_items.grade, character_constitution_items.kind, character_constitution_items.is_equipped, character_constitution_items.created_at 
FROM character_constitution_items 
WHERE character_constitution_items.character_id = ?
2026-08-30 00:25:52 | INFO | sqlalchemy.engine.Engine | [cached since 70.09s ago] (1,)
2026-08-30 00:25:52 | INFO | sqlalchemy.engine.Engine | SELECT character_constitution_slots.id, character_constitution_slots.character_id, character_constitution_slots.slot_type, character_constitution_slots.slot_index, character_constitution_slots.item_instance_id, character_constitution_slots.created_at 
FROM character_constitution_slots 
WHERE character_constitution_slots.character_id = ? ORDER BY character_constitution_slots.slot_type ASC, character_constitution_slots.slot_index ASC
2026-08-30 00:25:52 | INFO | sqlalchemy.engine.Engine | [cached since 70.09s ago] (1,)
2026-08-30 00:25:52 | INFO | sqlalchemy.engine.Engine | SELECT character_equipment_slots.id, character_equipment_slots.character_id, character_equipment_slots.slot, character_equipment_slots.inventory_item_id, character_equipment_slots.created_at, character_equipment_slots.updated_at 
FROM character_equipment_slots 
WHERE character_equipment_slots.character_id = ?
2026-08-30 00:25:52 | INFO | sqlalchemy.engine.Engine | [cached since 70.09s ago] (1,)
2026-08-30 00:25:52 | INFO | sqlalchemy.engine.Engine | SELECT character_equipment_slots.id, character_equipment_slots.character_id, character_equipment_slots.slot, character_equipment_slots.inventory_item_id, character_equipment_slots.created_at, character_equipment_slots.updated_at 
FROM character_equipment_slots 
WHERE character_equipment_slots.character_id = ?
2026-08-30 00:25:52 | INFO | sqlalchemy.engine.Engine | [cached since 70.09s ago] (1,)
2026-08-30 00:25:52 | INFO | sqlalchemy.engine.Engine | SELECT inventory_items.id, inventory_items.character_id, inventory_items.item_uid, inventory_items.item_type, inventory_items.item_id, inventory_items.quantity, inventory_items.bag_kind, inventory_items.meta_json, inventory_items.created_at, inventory_items.updated_at 
FROM inventory_items 
WHERE inventory_items.id = ? AND inventory_items.character_id = ?
 LIMIT ? OFFSET ?
2026-08-30 00:25:52 | INFO | sqlalchemy.engine.Engine | [cached since 6.254s ago] (31, 1, 1, 0)
2026-08-30 00:25:52 | INFO | sqlalchemy.engine.Engine | SELECT inventory_items.id, inventory_items.character_id, inventory_items.item_uid, inventory_items.item_type, inventory_items.item_id, inventory_items.quantity, inventory_items.bag_kind, inventory_items.meta_json, inventory_items.created_at, inventory_items.updated_at 
FROM inventory_items 
WHERE inventory_items.id = ? AND inventory_items.character_id = ?
 LIMIT ? OFFSET ?
2026-08-30 00:25:52 | INFO | sqlalchemy.engine.Engine | [cached since 6.258s ago] (39, 1, 1, 0)
2026-08-30 00:25:52 | INFO | sqlalchemy.engine.Engine | COMMIT
2026-08-30 00:25:52 | INFO | sqlalchemy.engine.Engine | BEGIN (implicit)
2026-08-30 00:25:52 | INFO | sqlalchemy.engine.Engine | SELECT users.id AS users_id, users.username AS users_username, users.public_uid AS users_public_uid, users.password_hash AS users_password_hash, users.is_active AS users_is_active, users.is_gm AS users_is_gm, users.email AS users_email, users.phone AS users_phone, users.total_recharge_amount AS users_total_recharge_amount, users.real_name AS users_real_name, users.id_card_hash AS users_id_card_hash, users.id_card_masked AS users_id_card_masked, users.id_verified_level AS users_id_verified_level, users.email_verified AS users_email_verified, users.phone_verified AS users_phone_verified, users.created_at AS users_created_at, users.updated_at AS users_updated_at 
FROM users 
WHERE users.id = ?
2026-08-30 00:25:52 | INFO | sqlalchemy.engine.Engine | [cached since 70.15s ago] (2,)
2026-08-30 00:25:52 | INFO | sqlalchemy.engine.Engine | SELECT characters.id, characters.user_id, characters.name, characters.is_active, characters.major_realm, characters.realm_stage, characters.realm_stage_label, characters.cultivation_points, characters.body_tempering_points, characters.body_temper_stage, characters.body_temper_layer, characters.body_temper_layer_label, characters.body_temper_progress, characters.crafting_exp, characters.spirit_stones, characters.realm_progress, characters.breakthrough_grade, characters.divine_ability_slots, characters.membership_tier, characters.membership_expires_at, characters.tiandao_points, characters.pending_offline_json, characters.pending_event_logs_json, characters.offline_capped_at, characters.idle_direction, characters.status, characters.stamina, characters.stamina_updated_at, characters.trial_puppet_count, characters.divine_sense_capacity_bonus, characters.array_craft_level, characters.divine_sense_backlash, characters.reincarnation_points, characters.peak_major_realm, characters.growth_attrs_json, characters.story_flags_json, characters.ferry_deadline_at, characters.reincarnation_count, characters.legacy_items_json, characters.fate_luck, characters.demonic_nature, characters.spirit_root_tags_json, characters.last_self_rescue_at, characters.sect_id, characters.gender, characters.friend_profile_visible, characters.friend_profile_snapshot_json, characters.friend_profile_snapshot_at, characters.last_settled_at, characters.created_at, characters.updated_at 
FROM characters 
WHERE characters.user_id = ?
 LIMIT ? OFFSET ?
2026-08-30 00:25:52 | INFO | sqlalchemy.engine.Engine | [cached since 70.14s ago] (2, 1, 0)
2026-08-30 00:25:53 | INFO | sqlalchemy.engine.Engine | SELECT avatars.id, avatars.character_id, avatars.name, avatars.status, avatars.idle_direction, avatars.cultivation_points, avatars.body_tempering_points, avatars.crafting_exp, avatars.base_stats_json, avatars.stamina, avatars.daily_actions_used, avatars.daily_actions_day, avatars.stamina_recovered_at, avatars.assist_friends_enabled, avatars.assist_stamina, avatars.assist_stamina_recovered_at, avatars.assist_stamina_locked, avatars.is_deployed, avatars.major_realm, avatars.realm_stage, avatars.realm_stage_label, avatars.realm_progress, avatars.last_settled_at, avatars.created_at 
FROM avatars 
WHERE avatars.character_id = ?
 LIMIT ? OFFSET ?
2026-08-30 00:25:53 | INFO | sqlalchemy.engine.Engine | [cached since 70.14s ago] (1, 1, 0)
2026-08-30 00:25:53 | INFO | sqlalchemy.engine.Engine | BEGIN (implicit)
2026-08-30 00:25:53 | INFO | sqlalchemy.engine.Engine | SELECT users.id AS users_id, users.username AS users_username, users.public_uid AS users_public_uid, users.password_hash AS users_password_hash, users.is_active AS users_is_active, users.is_gm AS users_is_gm, users.email AS users_email, users.phone AS users_phone, users.total_recharge_amount AS users_total_recharge_amount, users.real_name AS users_real_name, users.id_card_hash AS users_id_card_hash, users.id_card_masked AS users_id_card_masked, users.id_verified_level AS users_id_verified_level, users.email_verified AS users_email_verified, users.phone_verified AS users_phone_verified, users.created_at AS users_created_at, users.updated_at AS users_updated_at 
FROM users 
WHERE users.id = ?
2026-08-30 00:25:53 | INFO | sqlalchemy.engine.Engine | [cached since 70.16s ago] (2,)
2026-08-30 00:25:53 | INFO | sqlalchemy.engine.Engine | SELECT character_techniques.technique_id 
FROM character_techniques 
WHERE character_techniques.character_id = ?
2026-08-30 00:25:53 | INFO | sqlalchemy.engine.Engine | [cached since 70.15s ago] (1,)
2026-08-30 00:25:53 | INFO | sqlalchemy.engine.Engine | SELECT character_reincarnation_bonuses.character_id, character_reincarnation_bonuses.initial_attr_bonus, character_reincarnation_bonuses.minor_growth_bonus, character_reincarnation_bonuses.major_growth_bonus, character_reincarnation_bonuses.break_rate_bonus, character_reincarnation_bonuses.lifetime_applied_growth, character_reincarnation_bonuses.constitution_slots_bought, character_reincarnation_bonuses.spirit_root_slots_bought, character_reincarnation_bonuses.shop_random_offers_json, character_reincarnation_bonuses.shop_seed, character_reincarnation_bonuses.shop_refreshed_at, character_reincarnation_bonuses.updated_at 
FROM character_reincarnation_bonuses 
WHERE character_reincarnation_bonuses.character_id = ?
2026-08-30 00:25:53 | INFO | sqlalchemy.engine.Engine | [cached since 70.14s ago] (1,)
2026-08-30 00:25:53 | INFO | sqlalchemy.engine.Engine | COMMIT
2026-08-30 00:25:53 | INFO | sqlalchemy.engine.Engine | SELECT character_constitution_slots.id, character_constitution_slots.character_id, character_constitution_slots.slot_type, character_constitution_slots.slot_index, character_constitution_slots.item_instance_id, character_constitution_slots.created_at 
FROM character_constitution_slots 
WHERE character_constitution_slots.character_id = ?
2026-08-30 00:25:53 | INFO | sqlalchemy.engine.Engine | [cached since 70.15s ago] (1,)
2026-08-30 00:25:53 | INFO | sqlalchemy.engine.Engine | SELECT character_constitution_items.id, character_constitution_items.character_id, character_constitution_items.def_id, character_constitution_items.quality, character_constitution_items.grade, character_constitution_items.kind, character_constitution_items.is_equipped, character_constitution_items.created_at 
FROM character_constitution_items 
WHERE character_constitution_items.character_id = ?
2026-08-30 00:25:53 | INFO | sqlalchemy.engine.Engine | [cached since 70.15s ago] (1,)
2026-08-30 00:25:53 | INFO | sqlalchemy.engine.Engine | SELECT character_constitution_slots.id, character_constitution_slots.character_id, character_constitution_slots.slot_type, character_constitution_slots.slot_index, character_constitution_slots.item_instance_id, character_constitution_slots.created_at 
FROM character_constitution_slots 
WHERE character_constitution_slots.character_id = ? ORDER BY character_constitution_slots.slot_type ASC, character_constitution_slots.slot_index ASC
2026-08-30 00:25:53 | INFO | sqlalchemy.engine.Engine | [cached since 70.15s ago] (1,)
2026-08-30 00:25:53 | INFO | sqlalchemy.engine.Engine | SELECT character_equipment_slots.id, character_equipment_slots.character_id, character_equipment_slots.slot, character_equipment_slots.inventory_item_id, character_equipment_slots.created_at, character_equipment_slots.updated_at 
FROM character_equipment_slots 
WHERE character_equipment_slots.character_id = ?
2026-08-30 00:25:53 | INFO | sqlalchemy.engine.Engine | [cached since 70.15s ago] (1,)
2026-08-30 00:25:53 | INFO | sqlalchemy.engine.Engine | SELECT character_equipment_slots.id, character_equipment_slots.character_id, character_equipment_slots.slot, character_equipment_slots.inventory_item_id, character_equipment_slots.created_at, character_equipment_slots.updated_at 
FROM character_equipment_slots 
WHERE character_equipment_slots.character_id = ?
2026-08-30 00:25:53 | INFO | sqlalchemy.engine.Engine | [cached since 70.15s ago] (1,)
2026-08-30 00:25:53 | INFO | sqlalchemy.engine.Engine | SELECT inventory_items.id, inventory_items.character_id, inventory_items.item_uid, inventory_items.item_type, inventory_items.item_id, inventory_items.quantity, inventory_items.bag_kind, inventory_items.meta_json, inventory_items.created_at, inventory_items.updated_at 
FROM inventory_items 
WHERE inventory_items.id = ? AND inventory_items.character_id = ?
 LIMIT ? OFFSET ?
2026-08-30 00:25:53 | INFO | sqlalchemy.engine.Engine | [cached since 6.311s ago] (31, 1, 1, 0)
2026-08-30 00:25:53 | INFO | sqlalchemy.engine.Engine | SELECT inventory_items.id, inventory_items.character_id, inventory_items.item_uid, inventory_items.item_type, inventory_items.item_id, inventory_items.quantity, inventory_items.bag_kind, inventory_items.meta_json, inventory_items.created_at, inventory_items.updated_at 
FROM inventory_items 
WHERE inventory_items.id = ? AND inventory_items.character_id = ?
 LIMIT ? OFFSET ?
2026-08-30 00:25:53 | INFO | sqlalchemy.engine.Engine | [cached since 6.313s ago] (39, 1, 1, 0)
2026-08-30 00:25:53 | INFO | sqlalchemy.engine.Engine | SELECT characters.id, characters.user_id, characters.name, characters.is_active, characters.major_realm, characters.realm_stage, characters.realm_stage_label, characters.cultivation_points, characters.body_tempering_points, characters.body_temper_stage, characters.body_temper_layer, characters.body_temper_layer_label, characters.body_temper_progress, characters.crafting_exp, characters.spirit_stones, characters.realm_progress, characters.breakthrough_grade, characters.divine_ability_slots, characters.membership_tier, characters.membership_expires_at, characters.tiandao_points, characters.pending_offline_json, characters.pending_event_logs_json, characters.offline_capped_at, characters.idle_direction, characters.status, characters.stamina, characters.stamina_updated_at, characters.trial_puppet_count, characters.divine_sense_capacity_bonus, characters.array_craft_level, characters.divine_sense_backlash, characters.reincarnation_points, characters.peak_major_realm, characters.growth_attrs_json, characters.story_flags_json, characters.ferry_deadline_at, characters.reincarnation_count, characters.legacy_items_json, characters.fate_luck, characters.demonic_nature, characters.spirit_root_tags_json, characters.last_self_rescue_at, characters.sect_id, characters.gender, characters.friend_profile_visible, characters.friend_profile_snapshot_json, characters.friend_profile_snapshot_at, characters.last_settled_at, characters.created_at, characters.updated_at 
FROM characters 
WHERE characters.id = ?
2026-08-30 00:25:53 | INFO | sqlalchemy.engine.Engine | [cached since 70.15s ago] (1,)
2026-08-30 00:25:53 | INFO | sqlalchemy.engine.Engine | SELECT character_reincarnation_bonuses.character_id, character_reincarnation_bonuses.initial_attr_bonus, character_reincarnation_bonuses.minor_growth_bonus, character_reincarnation_bonuses.major_growth_bonus, character_reincarnation_bonuses.break_rate_bonus, character_reincarnation_bonuses.lifetime_applied_growth, character_reincarnation_bonuses.constitution_slots_bought, character_reincarnation_bonuses.spirit_root_slots_bought, character_reincarnation_bonuses.shop_random_offers_json, character_reincarnation_bonuses.shop_seed, character_reincarnation_bonuses.shop_refreshed_at, character_reincarnation_bonuses.updated_at 
FROM character_reincarnation_bonuses 
WHERE character_reincarnation_bonuses.character_id = ?
2026-08-30 00:25:53 | INFO | sqlalchemy.engine.Engine | [cached since 70.17s ago] (1,)
2026-08-30 00:25:53 | INFO | sqlalchemy.engine.Engine | SELECT character_technique_slots.id, character_technique_slots.character_id, character_technique_slots.slot_type, character_technique_slots.slot_index, character_technique_slots.technique_id, character_technique_slots.created_at 
FROM character_technique_slots 
WHERE character_technique_slots.character_id = ?
2026-08-30 00:25:53 | INFO | sqlalchemy.engine.Engine | [cached since 70.14s ago] (1,)
2026-08-30 00:25:53 | INFO | sqlalchemy.engine.Engine | SELECT character_techniques.id 
FROM character_techniques 
WHERE character_techniques.character_id = ? AND character_techniques.technique_id = ?
 LIMIT ? OFFSET ?
2026-08-30 00:25:53 | INFO | sqlalchemy.engine.Engine | [cached since 70.14s ago] (1, 'basic_qi_art', 1, 0)
2026-08-30 00:25:53 | INFO | sqlalchemy.engine.Engine | SELECT character_techniques.id 
FROM character_techniques 
WHERE character_techniques.character_id = ? AND character_techniques.technique_id = ?
 LIMIT ? OFFSET ?
2026-08-30 00:25:53 | INFO | sqlalchemy.engine.Engine | [cached since 70.14s ago] (1, 'iron_body_art', 1, 0)
2026-08-30 00:25:53 | INFO | sqlalchemy.engine.Engine | SELECT character_techniques.id 
FROM character_techniques 
WHERE character_techniques.character_id = ? AND character_techniques.technique_id = ?
 LIMIT ? OFFSET ?
2026-08-30 00:25:53 | INFO | sqlalchemy.engine.Engine | [cached since 70.14s ago] (1, 'beginner_alchemy', 1, 0)
2026-08-30 00:25:53 | INFO | sqlalchemy.engine.Engine | SELECT character_techniques.id 
FROM character_techniques 
WHERE character_techniques.character_id = ? AND character_techniques.technique_id = ?
 LIMIT ? OFFSET ?
2026-08-30 00:25:53 | INFO | sqlalchemy.engine.Engine | [cached since 70.15s ago] (1, 'thunder_breath_art', 1, 0)
2026-08-30 00:25:53 | INFO | app.services.technique_service | default techniques granted character_id=1
2026-08-30 00:25:53 | INFO | sqlalchemy.engine.Engine | SELECT character_techniques.id, character_techniques.character_id, character_techniques.technique_id, character_techniques.level, character_techniques.source, character_techniques.created_at, character_techniques.updated_at 
FROM character_techniques 
WHERE character_techniques.character_id = ?
2026-08-30 00:25:53 | INFO | sqlalchemy.engine.Engine | [cached since 70.14s ago] (1,)
2026-08-30 00:25:53 | INFO | sqlalchemy.engine.Engine | SELECT character_constitution_slots.id, character_constitution_slots.character_id, character_constitution_slots.slot_type, character_constitution_slots.slot_index, character_constitution_slots.item_instance_id, character_constitution_slots.created_at, character_constitution_items.id AS id_1, character_constitution_items.character_id AS character_id_1, character_constitution_items.def_id, character_constitution_items.quality, character_constitution_items.grade, character_constitution_items.kind, character_constitution_items.is_equipped, character_constitution_items.created_at AS created_at_1 
FROM character_constitution_slots LEFT OUTER JOIN character_constitution_items ON character_constitution_slots.item_instance_id = character_constitution_items.id 
WHERE character_constitution_slots.character_id = ?
2026-08-30 00:25:53 | INFO | sqlalchemy.engine.Engine | [cached since 70.14s ago] (1,)
2026-08-30 00:25:53 | INFO | sqlalchemy.engine.Engine | SELECT character_reincarnation_bonuses.character_id, character_reincarnation_bonuses.initial_attr_bonus, character_reincarnation_bonuses.minor_growth_bonus, character_reincarnation_bonuses.major_growth_bonus, character_reincarnation_bonuses.break_rate_bonus, character_reincarnation_bonuses.lifetime_applied_growth, character_reincarnation_bonuses.constitution_slots_bought, character_reincarnation_bonuses.spirit_root_slots_bought, character_reincarnation_bonuses.shop_random_offers_json, character_reincarnation_bonuses.shop_seed, character_reincarnation_bonuses.shop_refreshed_at, character_reincarnation_bonuses.updated_at 
FROM character_reincarnation_bonuses 
WHERE character_reincarnation_bonuses.character_id = ?
2026-08-30 00:25:53 | INFO | sqlalchemy.engine.Engine | [cached since 70.19s ago] (1,)
2026-08-30 00:25:53 | INFO | sqlalchemy.engine.Engine | SELECT character_constitution_slots.id, character_constitution_slots.character_id, character_constitution_slots.slot_type, character_constitution_slots.slot_index, character_constitution_slots.item_instance_id, character_constitution_slots.created_at 
FROM character_constitution_slots 
WHERE character_constitution_slots.character_id = ?
2026-08-30 00:25:53 | INFO | sqlalchemy.engine.Engine | [cached since 70.19s ago] (1,)
2026-08-30 00:25:53 | INFO | sqlalchemy.engine.Engine | SELECT character_constitution_items.id, character_constitution_items.character_id, character_constitution_items.def_id, character_constitution_items.quality, character_constitution_items.grade, character_constitution_items.kind, character_constitution_items.is_equipped, character_constitution_items.created_at 
FROM character_constitution_items 
WHERE character_constitution_items.character_id = ?
2026-08-30 00:25:53 | INFO | sqlalchemy.engine.Engine | [cached since 70.19s ago] (1,)
2026-08-30 00:25:53 | INFO | sqlalchemy.engine.Engine | SELECT character_constitution_slots.id, character_constitution_slots.character_id, character_constitution_slots.slot_type, character_constitution_slots.slot_index, character_constitution_slots.item_instance_id, character_constitution_slots.created_at 
FROM character_constitution_slots 
WHERE character_constitution_slots.character_id = ? ORDER BY character_constitution_slots.slot_type ASC, character_constitution_slots.slot_index ASC
2026-08-30 00:25:53 | INFO | sqlalchemy.engine.Engine | [cached since 70.19s ago] (1,)
2026-08-30 00:25:53 | INFO | sqlalchemy.engine.Engine | SELECT character_equipment_slots.id, character_equipment_slots.character_id, character_equipment_slots.slot, character_equipment_slots.inventory_item_id, character_equipment_slots.created_at, character_equipment_slots.updated_at 
FROM character_equipment_slots 
WHERE character_equipment_slots.character_id = ?
2026-08-30 00:25:53 | INFO | sqlalchemy.engine.Engine | [cached since 70.19s ago] (1,)
2026-08-30 00:25:53 | INFO | sqlalchemy.engine.Engine | SELECT character_equipment_slots.id, character_equipment_slots.character_id, character_equipment_slots.slot, character_equipment_slots.inventory_item_id, character_equipment_slots.created_at, character_equipment_slots.updated_at 
FROM character_equipment_slots 
WHERE character_equipment_slots.character_id = ?
2026-08-30 00:25:53 | INFO | sqlalchemy.engine.Engine | [cached since 70.19s ago] (1,)
2026-08-30 00:25:53 | INFO | sqlalchemy.engine.Engine | SELECT inventory_items.id, inventory_items.character_id, inventory_items.item_uid, inventory_items.item_type, inventory_items.item_id, inventory_items.quantity, inventory_items.bag_kind, inventory_items.meta_json, inventory_items.created_at, inventory_items.updated_at 
FROM inventory_items 
WHERE inventory_items.id = ? AND inventory_items.character_id = ?
 LIMIT ? OFFSET ?
2026-08-30 00:25:53 | INFO | sqlalchemy.engine.Engine | [cached since 6.356s ago] (31, 1, 1, 0)
2026-08-30 00:25:53 | INFO | sqlalchemy.engine.Engine | SELECT inventory_items.id, inventory_items.character_id, inventory_items.item_uid, inventory_items.item_type, inventory_items.item_id, inventory_items.quantity, inventory_items.bag_kind, inventory_items.meta_json, inventory_items.created_at, inventory_items.updated_at 
FROM inventory_items 
WHERE inventory_items.id = ? AND inventory_items.character_id = ?
 LIMIT ? OFFSET ?
2026-08-30 00:25:53 | INFO | sqlalchemy.engine.Engine | [cached since 6.358s ago] (39, 1, 1, 0)
2026-08-30 00:25:53 | INFO | sqlalchemy.engine.Engine | SELECT character_reincarnation_bonuses.character_id, character_reincarnation_bonuses.initial_attr_bonus, character_reincarnation_bonuses.minor_growth_bonus, character_reincarnation_bonuses.major_growth_bonus, character_reincarnation_bonuses.break_rate_bonus, character_reincarnation_bonuses.lifetime_applied_growth, character_reincarnation_bonuses.constitution_slots_bought, character_reincarnation_bonuses.spirit_root_slots_bought, character_reincarnation_bonuses.shop_random_offers_json, character_reincarnation_bonuses.shop_seed, character_reincarnation_bonuses.shop_refreshed_at, character_reincarnation_bonuses.updated_at 
FROM character_reincarnation_bonuses 
WHERE character_reincarnation_bonuses.character_id = ?
2026-08-30 00:25:53 | INFO | sqlalchemy.engine.Engine | [cached since 70.21s ago] (1,)
2026-08-30 00:25:53 | INFO | sqlalchemy.engine.Engine | SELECT avatars.id, avatars.character_id, avatars.name, avatars.status, avatars.idle_direction, avatars.cultivation_points, avatars.body_tempering_points, avatars.crafting_exp, avatars.base_stats_json, avatars.stamina, avatars.daily_actions_used, avatars.daily_actions_day, avatars.stamina_recovered_at, avatars.assist_friends_enabled, avatars.assist_stamina, avatars.assist_stamina_recovered_at, avatars.assist_stamina_locked, avatars.is_deployed, avatars.major_realm, avatars.realm_stage, avatars.realm_stage_label, avatars.realm_progress, avatars.last_settled_at, avatars.created_at 
FROM avatars 
WHERE avatars.character_id = ?
 LIMIT ? OFFSET ?
2026-08-30 00:25:53 | INFO | sqlalchemy.engine.Engine | [cached since 70.22s ago] (1, 1, 0)
2026-08-30 00:25:53 | INFO | sqlalchemy.engine.Engine | SELECT avatar_dao.id, avatar_dao.avatar_id, avatar_dao.fate_dao_id, avatar_dao.locked, avatar_dao.dao_qi, avatar_dao.dao_exp, avatar_dao.dao_level, avatar_dao.opening_session_json, avatar_dao.challenge_cooldown_until, avatar_dao.updated_at, avatar_dao.created_at 
FROM avatar_dao 
WHERE avatar_dao.avatar_id = ?
2026-08-30 00:25:53 | INFO | sqlalchemy.engine.Engine | [cached since 70.15s ago] (1,)
2026-08-30 00:25:53 | INFO | sqlalchemy.engine.Engine | SELECT avatar_dao_pool_entries.dao_id 
FROM avatar_dao_pool_entries 
WHERE avatar_dao_pool_entries.avatar_id = ?
2026-08-30 00:25:53 | INFO | sqlalchemy.engine.Engine | [cached since 70.15s ago] (1,)
2026-08-30 00:25:53 | INFO | sqlalchemy.engine.Engine | SELECT character_techniques.technique_id 
FROM character_techniques 
WHERE character_techniques.character_id = ?
2026-08-30 00:25:53 | INFO | sqlalchemy.engine.Engine | [cached since 70.22s ago] (1,)
2026-08-30 00:25:53 | INFO | sqlalchemy.engine.Engine | SELECT character_reincarnation_bonuses.character_id, character_reincarnation_bonuses.initial_attr_bonus, character_reincarnation_bonuses.minor_growth_bonus, character_reincarnation_bonuses.major_growth_bonus, character_reincarnation_bonuses.break_rate_bonus, character_reincarnation_bonuses.lifetime_applied_growth, character_reincarnation_bonuses.constitution_slots_bought, character_reincarnation_bonuses.spirit_root_slots_bought, character_reincarnation_bonuses.shop_random_offers_json, character_reincarnation_bonuses.shop_seed, character_reincarnation_bonuses.shop_refreshed_at, character_reincarnation_bonuses.updated_at 
FROM character_reincarnation_bonuses 
WHERE character_reincarnation_bonuses.character_id = ?
2026-08-30 00:25:53 | INFO | sqlalchemy.engine.Engine | [cached since 70.22s ago] (1,)
2026-08-30 00:25:53 | INFO | sqlalchemy.engine.Engine | SELECT character_constitution_slots.id, character_constitution_slots.character_id, character_constitution_slots.slot_type, character_constitution_slots.slot_index, character_constitution_slots.item_instance_id, character_constitution_slots.created_at 
FROM character_constitution_slots 
WHERE character_constitution_slots.character_id = ?
2026-08-30 00:25:53 | INFO | sqlalchemy.engine.Engine | [cached since 70.22s ago] (1,)
2026-08-30 00:25:53 | INFO | sqlalchemy.engine.Engine | SELECT character_constitution_items.id, character_constitution_items.character_id, character_constitution_items.def_id, character_constitution_items.quality, character_constitution_items.grade, character_constitution_items.kind, character_constitution_items.is_equipped, character_constitution_items.created_at 
FROM character_constitution_items 
WHERE character_constitution_items.character_id = ?
2026-08-30 00:25:53 | INFO | sqlalchemy.engine.Engine | [cached since 70.22s ago] (1,)
2026-08-30 00:25:53 | INFO | sqlalchemy.engine.Engine | SELECT character_constitution_slots.id, character_constitution_slots.character_id, character_constitution_slots.slot_type, character_constitution_slots.slot_index, character_constitution_slots.item_instance_id, character_constitution_slots.created_at 
FROM character_constitution_slots 
WHERE character_constitution_slots.character_id = ? ORDER BY character_constitution_slots.slot_type ASC, character_constitution_slots.slot_index ASC
2026-08-30 00:25:53 | INFO | sqlalchemy.engine.Engine | [cached since 70.22s ago] (1,)
2026-08-30 00:25:53 | INFO | sqlalchemy.engine.Engine | SELECT character_equipment_slots.id, character_equipment_slots.character_id, character_equipment_slots.slot, character_equipment_slots.inventory_item_id, character_equipment_slots.created_at, character_equipment_slots.updated_at 
FROM character_equipment_slots 
WHERE character_equipment_slots.character_id = ?
2026-08-30 00:25:53 | INFO | sqlalchemy.engine.Engine | [cached since 70.22s ago] (1,)
2026-08-30 00:25:53 | INFO | sqlalchemy.engine.Engine | SELECT character_equipment_slots.id, character_equipment_slots.character_id, character_equipment_slots.slot, character_equipment_slots.inventory_item_id, character_equipment_slots.created_at, character_equipment_slots.updated_at 
FROM character_equipment_slots 
WHERE character_equipment_slots.character_id = ?
2026-08-30 00:25:53 | INFO | sqlalchemy.engine.Engine | [cached since 70.22s ago] (1,)
2026-08-30 00:25:53 | INFO | sqlalchemy.engine.Engine | SELECT inventory_items.id, inventory_items.character_id, inventory_items.item_uid, inventory_items.item_type, inventory_items.item_id, inventory_items.quantity, inventory_items.bag_kind, inventory_items.meta_json, inventory_items.created_at, inventory_items.updated_at 
FROM inventory_items 
WHERE inventory_items.id = ? AND inventory_items.character_id = ?
 LIMIT ? OFFSET ?
2026-08-30 00:25:53 | INFO | sqlalchemy.engine.Engine | [cached since 6.388s ago] (31, 1, 1, 0)
2026-08-30 00:25:53 | INFO | sqlalchemy.engine.Engine | SELECT inventory_items.id, inventory_items.character_id, inventory_items.item_uid, inventory_items.item_type, inventory_items.item_id, inventory_items.quantity, inventory_items.bag_kind, inventory_items.meta_json, inventory_items.created_at, inventory_items.updated_at 
FROM inventory_items 
WHERE inventory_items.id = ? AND inventory_items.character_id = ?
 LIMIT ? OFFSET ?
2026-08-30 00:25:53 | INFO | sqlalchemy.engine.Engine | [cached since 6.391s ago] (39, 1, 1, 0)
2026-08-30 00:25:53 | INFO | sqlalchemy.engine.Engine | SELECT character_dao.id, character_dao.character_id, character_dao.fate_dao_id, character_dao.locked, character_dao.dao_qi, character_dao.dao_exp, character_dao.dao_level, character_dao.opening_session_json, character_dao.challenge_cooldown_until, character_dao.updated_at, character_dao.created_at 
FROM character_dao 
WHERE character_dao.character_id = ?
2026-08-30 00:25:53 | INFO | sqlalchemy.engine.Engine | [cached since 70.16s ago] (1,)
2026-08-30 00:25:53 | INFO | sqlalchemy.engine.Engine | SELECT dao_pool_entries.dao_id 
FROM dao_pool_entries 
WHERE dao_pool_entries.character_id = ?
2026-08-30 00:25:53 | INFO | sqlalchemy.engine.Engine | [cached since 70.16s ago] (1,)
2026-08-30 00:25:53 | INFO | sqlalchemy.engine.Engine | SELECT dao_lordships.id, dao_lordships.dao_id, dao_lordships.character_id, dao_lordships.snapshot_id, dao_lordships.privileges_json, dao_lordships.claimed_at, dao_lordships.updated_at 
FROM dao_lordships 
WHERE dao_lordships.character_id = ?
 LIMIT ? OFFSET ?
2026-08-30 00:25:53 | INFO | sqlalchemy.engine.Engine | [cached since 70.16s ago] (1, 1, 0)
2026-08-30 00:25:53 | INFO | sqlalchemy.engine.Engine | SELECT sects.id AS sects_id, sects.kind AS sects_kind, sects.template_id AS sects_template_id, sects.name AS sects_name, sects.motto AS sects_motto, sects.grade AS sects_grade, sects.specialty AS sects_specialty, sects.announcement AS sects_announcement, sects.spirit_stone_pool AS sects_spirit_stone_pool, sects.buffs_json AS sects_buffs_json, sects.founder_character_id AS sects_founder_character_id, sects.leader_character_id AS sects_leader_character_id, sects.created_at AS sects_created_at, sects.updated_at AS sects_updated_at 
FROM sects 
WHERE sects.id = ?
2026-08-30 00:25:53 | INFO | sqlalchemy.engine.Engine | [cached since 70.16s ago] (1,)
2026-08-30 00:25:53 | INFO | sqlalchemy.engine.Engine | SELECT sect_members.id, sect_members.sect_id, sect_members.character_id, sect_members.role, sect_members.rank, sect_members.contribution, sect_members.last_appoint_game_day, sect_members.salary_claimed_game_day, sect_members.joined_at 
FROM sect_members 
WHERE sect_members.character_id = ?
2026-08-30 00:25:53 | INFO | sqlalchemy.engine.Engine | [cached since 70.16s ago] (1,)
2026-08-30 00:25:53 | INFO | sqlalchemy.engine.Engine | SELECT friendships.id, friendships.character_low_id, friendships.character_high_id, friendships.requester_id, friendships.status, friendships.created_at, friendships.updated_at, friendships.accepted_at 
FROM friendships 
WHERE friendships.status = ? AND (friendships.character_low_id = ? OR friendships.character_high_id = ?)
2026-08-30 00:25:53 | INFO | sqlalchemy.engine.Engine | [cached since 70.16s ago] ('active', 1, 1)
2026-08-30 00:25:53 | INFO | sqlalchemy.engine.Engine | SELECT mail_messages.id, mail_messages.mail_kind, mail_messages.to_character_id, mail_messages.from_character_id, mail_messages.reason, mail_messages.subject_zh, mail_messages.body_zh, mail_messages.attachments_json, mail_messages.read_at, mail_messages.claimed_at, mail_messages.expires_at, mail_messages.created_at 
FROM mail_messages 
WHERE mail_messages.to_character_id = ? AND mail_messages.claimed_at IS NULL AND mail_messages.expires_at IS NOT NULL
2026-08-30 00:25:53 | INFO | sqlalchemy.engine.Engine | [cached since 70.16s ago] (1,)
2026-08-30 00:25:53 | INFO | sqlalchemy.engine.Engine | SELECT mail_messages.id, mail_messages.mail_kind, mail_messages.to_character_id, mail_messages.from_character_id, mail_messages.reason, mail_messages.subject_zh, mail_messages.body_zh, mail_messages.attachments_json, mail_messages.read_at, mail_messages.claimed_at, mail_messages.expires_at, mail_messages.created_at 
FROM mail_messages 
WHERE mail_messages.to_character_id = ? AND mail_messages.read_at IS NULL
2026-08-30 00:25:53 | INFO | sqlalchemy.engine.Engine | [cached since 70.16s ago] (1,)
2026-08-30 00:25:53 | INFO | sqlalchemy.engine.Engine | SELECT coalesce(sum(chat_unreads.unread_count), ?) AS coalesce_1 
FROM chat_unreads 
WHERE chat_unreads.character_id = ?
2026-08-30 00:25:53 | INFO | sqlalchemy.engine.Engine | [cached since 70.16s ago] (0, 1)
2026-08-30 00:25:53 | INFO | sqlalchemy.engine.Engine | SELECT inventory_items.id, inventory_items.character_id, inventory_items.item_uid, inventory_items.item_type, inventory_items.item_id, inventory_items.quantity, inventory_items.bag_kind, inventory_items.meta_json, inventory_items.created_at, inventory_items.updated_at 
FROM inventory_items 
WHERE inventory_items.character_id = ? AND inventory_items.item_type = ? ORDER BY inventory_items.item_id, inventory_items.id
2026-08-30 00:25:53 | INFO | sqlalchemy.engine.Engine | [cached since 70.16s ago] (1, <ItemType.PUPPET: 'puppet'>)
2026-08-30 00:25:53 | INFO | sqlalchemy.engine.Engine | SELECT avatars.id, avatars.character_id, avatars.name, avatars.status, avatars.idle_direction, avatars.cultivation_points, avatars.body_tempering_points, avatars.crafting_exp, avatars.base_stats_json, avatars.stamina, avatars.daily_actions_used, avatars.daily_actions_day, avatars.stamina_recovered_at, avatars.assist_friends_enabled, avatars.assist_stamina, avatars.assist_stamina_recovered_at, avatars.assist_stamina_locked, avatars.is_deployed, avatars.major_realm, avatars.realm_stage, avatars.realm_stage_label, avatars.realm_progress, avatars.last_settled_at, avatars.created_at 
FROM avatars 
WHERE avatars.character_id = ?
 LIMIT ? OFFSET ?
2026-08-30 00:25:53 | INFO | sqlalchemy.engine.Engine | [cached since 70.27s ago] (1, 1, 0)
2026-08-30 00:25:53 | INFO | sqlalchemy.engine.Engine | SELECT character_equipment_slots.id, character_equipment_slots.character_id, character_equipment_slots.slot, character_equipment_slots.inventory_item_id, character_equipment_slots.created_at, character_equipment_slots.updated_at 
FROM character_equipment_slots 
WHERE character_equipment_slots.character_id = ? AND character_equipment_slots.slot = ?
2026-08-30 00:25:53 | INFO | sqlalchemy.engine.Engine | [cached since 70.16s ago] (1, 'pet')
2026-08-30 00:25:53 | INFO | sqlalchemy.engine.Engine | SELECT craft_jobs.id, craft_jobs.character_id, craft_jobs.actor, craft_jobs.recipe_id, craft_jobs.quantity, craft_jobs.started_at, craft_jobs.finish_at, craft_jobs.status, craft_jobs.result_json, craft_jobs.cost_snapshot_json, craft_jobs.env_lock_json, craft_jobs.created_at 
FROM craft_jobs 
WHERE craft_jobs.character_id = ?
2026-08-30 00:25:53 | INFO | sqlalchemy.engine.Engine | [cached since 70.16s ago] (1,)
2026-08-30 00:25:53 | INFO | sqlalchemy.engine.Engine | SELECT inventory_items.id 
FROM inventory_items 
WHERE inventory_items.character_id = ?
2026-08-30 00:25:53 | INFO | sqlalchemy.engine.Engine | [cached since 70.16s ago] (1,)
2026-08-30 00:25:53 | INFO | sqlalchemy.engine.Engine | SELECT count(pets.id) AS count_1 
FROM pets 
WHERE pets.character_id = ?
2026-08-30 00:25:53 | INFO | sqlalchemy.engine.Engine | [cached since 70.16s ago] (1,)
2026-08-30 00:25:53 | INFO | sqlalchemy.engine.Engine | UPDATE characters SET stamina_updated_at=?, updated_at=CURRENT_TIMESTAMP WHERE characters.id = ?
2026-08-30 00:25:53 | INFO | sqlalchemy.engine.Engine | [cached since 70.16s ago] ('2026-08-29 16:25:53.143427', 1)
2026-08-30 00:25:53 | INFO | sqlalchemy.engine.Engine | SELECT characters.id, characters.user_id, characters.name, characters.is_active, characters.major_realm, characters.realm_stage, characters.realm_stage_label, characters.cultivation_points, characters.body_tempering_points, characters.body_temper_stage, characters.body_temper_layer, characters.body_temper_layer_label, characters.body_temper_progress, characters.crafting_exp, characters.spirit_stones, characters.realm_progress, characters.breakthrough_grade, characters.divine_ability_slots, characters.membership_tier, characters.membership_expires_at, characters.tiandao_points, characters.pending_offline_json, characters.pending_event_logs_json, characters.offline_capped_at, characters.idle_direction, characters.status, characters.stamina, characters.stamina_updated_at, characters.trial_puppet_count, characters.divine_sense_capacity_bonus, characters.array_craft_level, characters.divine_sense_backlash, characters.reincarnation_points, characters.peak_major_realm, characters.growth_attrs_json, characters.story_flags_json, characters.ferry_deadline_at, characters.reincarnation_count, characters.legacy_items_json, characters.fate_luck, characters.demonic_nature, characters.spirit_root_tags_json, characters.last_self_rescue_at, characters.sect_id, characters.gender, characters.friend_profile_visible, characters.friend_profile_snapshot_json, characters.friend_profile_snapshot_at, characters.last_settled_at, characters.created_at, characters.updated_at 
FROM characters 
WHERE characters.id = ?
2026-08-30 00:25:53 | INFO | sqlalchemy.engine.Engine | [cached since 70.26s ago] (1,)
2026-08-30 00:25:53 | INFO | sqlalchemy.engine.Engine | COMMIT
2026-08-30 00:25:56 | INFO | app.api.ws | ws disconnect conn_id=554c7a7b767649a0bb6016e8b73e638b
2026-08-30 00:25:56 | INFO | app.services.ws_hub_service | ws unregister conn_id=554c7a7b767649a0bb6016e8b73e638b
